INSERT INTO public."post" (id, user_id, title, description, created_at, updated_at)
VALUES  (1, 1, 'Water Conservation Workshop', 'Learn about water conservation techniques and how to reduce your water usage at our free workshop.', '2025-03-21 23:24:48.000000', '2025-03-21 23:24:48.000000'),
        (2, 19, 'Senior Health Day', 'Free health screenings and information for seniors. Join us this Friday at the community center.', '2025-03-21 23:24:48.000000', '2025-03-21 23:24:48.000000'),
        (3, 50, 'Community Choir Auditions', 'Audition for the community choir! We’re looking for singers of all levels to join us for the upcoming concert.', '2025-03-21 23:24:48.000000', '2025-03-21 23:24:48.000000'),
        (4, 5, 'Meditation Class', 'Relax and unwind in our free meditation class every Thursday evening at the community center.', '2025-03-21 23:24:48.000000', '2025-03-21 23:24:48.000000'),
        (5, 20, 'Local Business Fair', 'Support our local businesses by visiting the community fair this weekend. Great deals and giveaways!', '2025-03-19 23:24:48.000000', '2025-03-19 23:24:48.000000'),
        (6, 21, 'Easter Egg Hunt', 'Join us for an Easter egg hunt at the community park. There will be plenty of eggs and prizes for all ages.', '2025-03-21 23:24:48.000000', '2025-03-21 23:24:48.000000'),
        (7, 4, 'Holiday Toy Swap', 'Bring a toy, take a toy! Join our community toy swap and give the gift of play this holiday season.', '2025-03-19 23:24:48.000000', '2025-03-21 23:24:48.000000'),
        (8, 20, 'Community Garden Workshop', 'Learn how to grow your own vegetables in our community garden workshop this Thursday.', '2025-03-21 23:24:48.000000', '2025-03-21 23:24:48.000000'),
        (9, 1, 'Photography Walk', 'Bring your camera and join us for a photo walk around the neighborhood, capturing its beauty.', '2025-03-21 23:24:48.000000', '2025-03-21 23:24:48.000000'),
        (10, 6, 'Shoe Drive', 'Donate new or gently used shoes to help those in need in our community.', '2025-03-21 23:24:48.000000', '2025-03-21 23:24:48.000000'),
        (11, 20, 'Family Fun Day', 'Spend a day with the whole family at the park with games, food, and fun activities for all ages.', '2025-03-21 23:24:48.000000', '2025-03-21 23:24:48.000000'),
        (12, 1, 'Hiking Club', 'Join our hiking club for weekend hikes around local trails. New members welcome!', '2025-03-21 23:24:48.000000', '2025-03-21 23:24:48.000000'),
        (13, 19, 'Cultural Festival', 'Celebrate diversity at our cultural festival! Enjoy music, food, and performances from around the world.', '2025-03-21 23:24:48.000000', '2025-03-21 23:24:48.000000'),
        (14, 50, 'Free Resume Workshop', 'Update your resume with expert advice and guidance at our free resume workshop this weekend.', '2025-03-21 23:24:48.000000', '2025-03-21 23:24:48.000000'),
        (15, 5, 'Job Skills Workshop', 'Improve your resume and interview skills in our job skills workshop this weekend.', '2025-03-21 23:24:48.000000', '2025-03-21 23:24:48.000000'),
        (16, 20, 'Community Yard Sale', 'Looking to declutter? Join us for a community-wide yard sale. Get your spot today!', '2025-03-21 23:24:48.000000', '2025-03-21 23:24:48.000000'),
        (17, 21, 'Zumba Fitness Class', 'Get your body moving with Zumba classes every Tuesday at the community center.', '2025-03-21 23:24:48.000000', '2025-03-21 23:24:48.000000'),
        (18, 4, 'Volunteer at the Soup Kitchen', 'Volunteer your time and help feed those in need at the local soup kitchen. Sign up today.', '2025-03-21 23:24:48.000000', '2025-03-21 23:24:48.000000'),
        (19, 20, 'Sustainability Talk', 'Join us for a discussion on sustainability and how we can all contribute to a greener world.', '2025-03-21 23:24:48.000000', '2025-03-21 23:24:48.000000'),
        (20, 1, 'Holiday Lights Display', 'Enjoy a magical evening at our annual holiday lights display in the town square.', '2025-03-21 23:24:48.000000', '2025-03-21 23:24:48.000000'),
        (21, 6, 'Cooking with Local Ingredients', 'Learn how to cook delicious meals using local, seasonal ingredients at our cooking class.', '2025-03-21 23:24:48.000000', '2025-03-21 23:24:48.000000'),
        (22, 20, 'Free Pet Vaccination Clinic', 'Get your pets vaccinated for free at our upcoming vaccination clinic. Appointments required.', '2025-03-21 23:24:48.000000', '2025-03-21 23:24:48.000000'),
        (23, 1, 'Cultural Dance Class', 'Learn cultural dances from around the world in our new weekly dance class starting this Tuesday.', '2025-03-21 23:24:48.000000', '2025-03-21 23:24:48.000000'),
        (24, 19, 'Local Artists Exhibition', 'Come and support local artists at the art exhibition opening this Friday at the community hall.', '2025-03-21 23:24:48.000000', '2025-03-21 23:24:48.000000'),
        (25, 50, 'Book Club', 'Join our monthly book club meeting to discuss the latest read. New members welcome!', '2025-03-21 23:24:48.000000', '2025-03-21 23:24:48.000000'),
        (26, 5, 'Community Talent Search', 'We are looking for the next big star in our community! Sign up for the talent search today.', '2025-03-21 23:24:48.000000', '2025-03-21 23:24:48.000000'),
        (27, 20, 'Community Choir Auditions', 'Audition for the community choir! We’re looking for singers of all levels to join us for the upcoming concert.', '2025-03-21 23:24:48.000000', '2025-03-21 23:24:48.000000'),
        (28, 21, 'Indoor Flea Market', 'Our indoor flea market is happening this Saturday. Come find unique treasures and support local vendors.', '2025-03-21 23:24:48.000000', '2025-03-21 23:24:48.000000'),
        (29, 4, 'Fitness Bootcamp', 'Get in shape this summer with our fitness bootcamp. Classes every Saturday morning at the park.', '2025-03-21 23:24:48.000000', '2025-03-21 23:24:48.000000'),
        (30, 20, 'Backyard Gardening Workshop', 'Learn how to start your own backyard garden with expert tips and tricks at our free workshop.', '2025-03-21 23:24:48.000000', '2025-03-21 23:24:48.000000'),
        (31, 1, 'Cultural Festival', 'Celebrate diversity at our cultural festival! Enjoy music, food, and performances from around the world.', '2025-03-21 23:24:48.000000', '2025-03-21 23:24:48.000000'),
        (32, 6, 'Youth Talent Show', 'Calling all young performers! Sign up for our youth talent show happening next month.', '2025-03-21 23:24:48.000000', '2025-03-21 23:24:48.000000'),
        (33, 20, 'Mental Health Awareness Workshop', 'Join us for a free workshop on mental health awareness, resources, and coping strategies.', '2025-03-21 23:24:48.000000', '2025-03-21 23:24:48.000000'),
        (34, 100, 'Community Bingo Fundraiser', 'Help raise funds for local projects by participating in our community bingo night!', '2025-03-21 23:24:48.000000', '2025-03-21 23:24:48.000000'),
        (35, 1, 'Family Fun Day', 'Spend a day with the whole family at the park with games, food, and fun activities for all ages.', '2025-03-21 23:24:48.000000', '2025-03-21 23:24:48.000000'),
        (36, 19, 'Sustainability Talk', 'Join us for a discussion on sustainability and how we can all contribute to a greener world.', '2025-03-21 23:24:48.000000', '2025-03-21 23:24:48.000000'),
        (37, 50, 'Charity Auction', 'Bid on amazing items at our charity auction. Proceeds will go to local charities.', '2025-03-21 23:24:48.000000', '2025-03-21 23:24:48.000000'),
        (38, 5, 'Community Tree Planting', 'Help us make our community greener by participating in our tree planting event this Saturday.', '2025-03-21 23:24:48.000000', '2025-03-21 23:24:48.000000'),
        (39, 20, 'Annual Garage Sale', 'Find great bargains at our annual community garage sale. Tables available for rent.', '2025-03-21 23:24:48.000000', '2025-03-21 23:24:48.000000'),
        (40, 21, 'Spring Festival', 'Celebrate the arrival of spring with food, games, and live entertainment at our annual festival.', '2025-03-21 23:24:48.000000', '2025-03-21 23:24:48.000000'),
        (41, 4, 'Food & Wine Tasting', 'Taste the best local food and wines at our community food and wine tasting event this weekend.', '2025-03-21 23:24:48.000000', '2025-03-21 23:24:48.000000'),
        (42, 20, 'Meditation Class', 'Relax and unwind in our free meditation class every Thursday evening at the community center.', '2025-03-21 23:24:48.000000', '2025-03-21 23:24:48.000000'),
        (43, 1, 'Green Energy Talk', 'Join us for a discussion on green energy solutions and how we can make our community more eco-friendly.', '2025-03-21 23:24:48.000000', '2025-03-21 23:24:48.000000'),
        (44, 6, 'Food & Wine Tasting', 'Taste the best local food and wines at our community food and wine tasting event this weekend.', '2025-03-21 23:24:48.000000', '2025-03-21 23:24:48.000000'),
        (45, 20, 'Halloween Haunted House', 'Get spooked at our community’s Halloween Haunted House! Open every weekend in October.', '2025-03-21 23:24:48.000000', '2025-03-21 23:24:48.000000'),
        (46, 1, 'Community Clean-Up Day', 'We need your help! Join us for a community-wide clean-up day and help us beautify our neighborhood.', '2025-03-21 23:24:48.000000', '2025-03-21 23:24:48.000000'),
        (47, 19, 'Hiking Club', 'Join our hiking club for weekend hikes around local trails. New members welcome!', '2025-03-21 23:24:48.000000', '2025-03-21 23:24:48.000000'),
        (48, 50, 'Meditation Class', 'Relax and unwind in our free meditation class every Thursday evening at the community center.', '2025-03-21 23:24:48.000000', '2025-03-21 23:24:48.000000'),
        (49, 5, 'Board Game Night', 'Come out and play your favorite board games with your neighbors. Snacks provided!', '2025-03-21 23:24:48.000000', '2025-03-21 23:24:48.000000'),
        (50, 20, 'Pet Adoption Event', 'Come meet your new furry friend at our pet adoption event this Saturday from 10 AM to 2 PM.', '2025-03-21 23:24:48.000000', '2025-03-21 23:24:48.000000'),
        (51, 21, 'Back-to-School Supplies Drive', 'Donate back-to-school supplies to help local students start the year prepared.', '2025-03-21 23:24:48.000000', '2025-03-21 23:24:48.000000'),
        (52, 4, 'Blood Pressure Screening', 'Free blood pressure screenings will be available at the community center this Saturday.', '2025-03-21 23:24:48.000000', '2025-03-21 23:24:48.000000'),
        (53, 20, 'Fruit and Veggie Giveaway', 'Get fresh produce from local farmers at our community fruit and veggie giveaway this Saturday.', '2025-03-21 23:24:48.000000', '2025-03-21 23:24:48.000000'),
        (54, 1, 'Earth Day Clean-Up', 'Celebrate Earth Day by helping us clean up our local park. Gloves and bags provided.', '2025-03-21 23:24:48.000000', '2025-03-21 23:24:48.000000'),
        (55, 6, 'Cultural Festival', 'Celebrate diversity at our cultural festival! Enjoy music, food, and performances from around the world.', '2025-03-21 23:24:48.000000', '2025-03-21 23:24:48.000000'),
        (56, 20, 'Job Fair', 'Looking for a job? Don’t miss our community job fair on the 15th of this month.', '2025-03-21 23:24:48.000000', '2025-03-21 23:24:48.000000'),
        (57, 1, 'Halloween Pumpkin Patch', 'Visit our pumpkin patch this October for pumpkin picking, carving, and family-friendly activities.', '2025-03-21 23:24:48.000000', '2025-03-21 23:24:48.000000'),
        (58, 19, 'Pet Adoption Event', 'Come meet your new furry friend at our pet adoption event this Saturday from 10 AM to 2 PM.', '2025-03-21 23:24:48.000000', '2025-03-21 23:24:48.000000'),
        (59, 50, 'Beach Clean-Up', 'Join us for a beach clean-up event to help keep our shores beautiful. Gloves and bags provided.', '2025-03-21 23:24:48.000000', '2025-03-21 23:24:48.000000'),
        (60, 5, 'Free Self-Defense Class', 'Join us for a free self-defense class at the community center. Open to all ages and skill levels.', '2025-03-21 23:24:48.000000', '2025-03-21 23:24:48.000000'),
        (61, 20, 'Salsa Dancing Night', 'Join us for a fun salsa dancing night at the community center. No experience required!', '2025-03-21 23:24:48.000000', '2025-03-21 23:24:48.000000'),
        (62, 21, 'Outdoor Fitness Class', 'Join us for a free outdoor fitness class at the park every Saturday morning. All levels welcome.', '2025-03-21 23:24:48.000000', '2025-03-21 23:24:48.000000'),
        (63, 4, 'Community Dance Party', 'Dance the night away at our community dance party! Music, lights, and fun for all.', '2025-03-21 23:24:48.000000', '2025-03-21 23:24:48.000000'),
        (64, 20, 'Hiking Club', 'Join our hiking club for weekend hikes around local trails. New members welcome!', '2025-03-21 23:24:48.000000', '2025-03-21 23:24:48.000000'),
        (65, 1, 'Scavenger Hunt', 'Test your skills in our neighborhood-wide scavenger hunt. Prizes for the first team to finish!', '2025-03-21 23:24:48.000000', '2025-03-21 23:24:48.000000'),
        (66, 6, 'Community Cleanup', 'Help us keep our neighborhood clean! Join our community cleanup event this Sunday.', '2025-03-21 23:24:48.000000', '2025-03-21 23:24:48.000000'),
        (67, 1, 'Salsa Dancing Night', 'Join us for a fun salsa dancing night at the community center. No experience required!', '2025-03-21 23:24:48.000000', '2025-03-21 23:24:48.000000'),
        (68, 19, 'Book Swap', 'Bring a book, take a book! Join us for our community book swap at the library this weekend.', '2025-03-21 23:24:48.000000', '2025-03-21 23:24:48.000000'),
        (69, 50, 'Summer Reading Program', 'Join our summer reading program! Kids and adults can sign up for books and prizes.', '2025-03-21 23:24:48.000000', '2025-03-21 23:24:48.000000'),
        (70, 5, 'Food Truck Rally', 'Come enjoy food from local food trucks at our first-ever food truck rally this Friday evening.', '2025-03-21 23:24:48.000000', '2025-03-21 23:24:48.000000'),
        (71, 20, 'Summer Sports League Registration', 'Sign up for the summer sports league! Registration is open for basketball, soccer, and volleyball.', '2025-03-21 23:24:48.000000', '2025-03-21 23:24:48.000000'),
        (72, 21, 'Community Potluck Dinner', 'Bring a dish to share at our monthly community potluck dinner. All are welcome!', '2025-03-21 23:24:48.000000', '2025-03-21 23:24:48.000000'),
        (73, 4, 'Blood Donation Drive', 'Save lives by donating blood at our community blood drive this weekend.', '2025-03-21 23:24:48.000000', '2025-03-21 23:24:48.000000'),
        (74, 20, 'Community Potluck Dinner', 'Bring a dish to share at our monthly community potluck dinner. All are welcome!', '2025-03-21 23:24:48.000000', '2025-03-21 23:24:48.000000'),
        (75, 1, 'Winter Wonderland Festival', 'Join us for a magical winter festival featuring ice skating, holiday lights, and hot cocoa.', '2025-03-21 23:24:48.000000', '2025-03-21 23:24:48.000000'),
        (76, 6, 'Water Conservation Workshop', 'Learn about water conservation techniques and how to reduce your water usage at our free workshop.', '2025-03-21 23:24:48.000000', '2025-03-21 23:24:48.000000'),
        (77, 20, 'Free Cooking Class', 'Join us for a free cooking class at the community center every Wednesday evening.', '2025-03-21 23:24:48.000000', '2025-03-21 23:24:48.000000'),
        (78, 20, 'Charity Auction', 'Bid on amazing items at our charity auction. Proceeds will go to local charities.', '2025-03-21 23:24:48.000000', '2025-03-21 23:24:48.000000'),
        (79, 1, 'Free Movie Screening', 'Enjoy a free screening of a classic movie at the community center this Friday evening.', '2025-03-21 23:24:48.000000', '2025-03-21 23:24:48.000000'),
        (80, 1, 'Pop-Up Farmer’s Market', 'Visit our pop-up farmer’s market this weekend to support local farmers and artisans.', '2025-03-21 23:24:48.000000', '2025-03-21 23:24:48.000000'),
        (81, 19, 'Halloween Haunted House', 'Get spooked at our community’s Halloween Haunted House! Open every weekend in October.', '2025-03-21 23:24:48.000000', '2025-03-21 23:24:48.000000'),
        (82, 50, 'Charity Auction', 'Bid on amazing items at our charity auction. Proceeds will go to local charities.', '2025-03-21 23:24:48.000000', '2025-03-21 23:24:48.000000'),
        (83, 5, 'Movie Night', 'Join us for a movie night under the stars at the park this Friday at 8 PM. Bring your blankets and snacks!', '2025-03-21 23:24:48.000000', '2025-03-21 23:24:48.000000'),
        (84, 20, 'Community Tree Planting', 'Help us make our community greener by participating in our tree planting event this Saturday.', '2025-03-21 23:24:48.000000', '2025-03-21 23:24:48.000000'),
        (85, 21, 'Water Conservation Workshop', 'Learn about water conservation techniques and how to reduce your water usage at our free workshop.', '2025-03-21 23:24:48.000000', '2025-03-21 23:24:48.000000'),
        (86, 4, 'Winter Wonderland Festival', 'Join us for a magical winter festival featuring ice skating, holiday lights, and hot cocoa.', '2025-03-19 23:24:48.000000', '2025-03-21 23:24:48.000000'),
        (87, 20, 'Ice Cream Truck Visit', 'Come enjoy a treat from the ice cream truck, which will be visiting the community park every Friday afternoon.', '2025-03-21 23:24:48.000000', '2025-03-21 23:24:48.000000'),
        (88, 1, 'Free Self-Defense Class', 'Join us for a free self-defense class at the community center. Open to all ages and skill levels.', '2025-03-21 23:24:48.000000', '2025-03-21 23:24:48.000000'),
        (89, 19, 'Christmas Parade', 'Get into the holiday spirit by joining our Christmas parade on December 5th.', '2025-03-21 23:24:48.000000', '2025-03-21 23:24:48.000000'),
        (90, 50, 'Community Talent Search', 'We are looking for the next big star in our community! Sign up for the talent search today.', '2025-03-21 23:24:48.000000', '2025-03-21 23:24:48.000000'),
        (91, 5, 'Community Potluck Dinner', 'Bring a dish to share at our monthly community potluck dinner. All are welcome!', '2025-03-21 23:24:48.000000', '2025-03-21 23:24:48.000000'),
        (92, 20, 'Job Fair', 'Looking for a job? Don’t miss our community job fair on the 15th of this month.', '2025-03-21 23:24:48.000000', '2025-03-21 23:24:48.000000'),
        (93, 21, 'Job Skills Workshop', 'Improve your resume and interview skills in our job skills workshop this weekend.', '2025-03-21 23:24:48.000000', '2025-03-21 23:24:48.000000'),
        (94, 1, 'Local Food Truck Nights', 'Come enjoy dinner from a variety of food trucks every Friday evening at the community park.', '2025-03-21 23:24:48.000000', '2025-03-21 23:24:48.000000'),
        (95, 19, 'Local Artists Exhibition', 'Come and support local artists at the art exhibition opening this Friday at the community hall.', '2025-03-21 23:24:48.000000', '2025-03-21 23:24:48.000000'),
        (96, 50, 'Ice Cream Social', 'Cool off with some delicious ice cream at our community ice cream social this Saturday afternoon.', '2025-03-21 23:24:48.000000', '2025-03-21 23:24:48.000000'),
        (97, 5, 'Fireworks Show', 'Enjoy a spectacular fireworks display at the park this 4th of July! Show starts at 9 PM.', '2025-03-21 23:24:48.000000', '2025-03-21 23:24:48.000000'),
        (98, 20, 'Food & Wine Tasting', 'Taste the best local food and wines at our community food and wine tasting event this weekend.', '2025-03-21 23:24:48.000000', '2025-03-21 23:24:48.000000'),
        (99, 21, 'Farmers Market Opening', 'The local farmers market opens this Saturday! Come support local vendors and enjoy fresh produce.', '2025-03-21 23:24:48.000000', '2025-03-21 23:24:48.000000'),
        (100, 4, 'Mental Health Awareness Workshop', 'Join us for a free workshop on mental health awareness, resources, and coping strategies.', '2025-03-21 23:24:48.000000', '2025-03-21 23:24:48.000000'),
        (101, 1, 'Community Flea Market', 'Find great bargains at the community flea market this Saturday. Come early for the best deals.', '2025-03-21 23:24:48.000000', '2025-03-21 23:24:48.000000'),
        (102, 19, 'Zumba Fitness Class', 'Get your body moving with Zumba classes every Tuesday at the community center.', '2025-03-21 23:24:48.000000', '2025-03-21 23:24:48.000000'),
        (103, 50, 'Salsa Dancing Night', 'Join us for a fun salsa dancing night at the community center. No experience required!', '2025-03-21 23:24:48.000000', '2025-03-21 23:24:48.000000'),
        (104, 5, 'Summer Art Camp for Kids', 'Sign your kids up for our summer art camp, where they can learn new skills and express their creativity.', '2025-03-21 23:24:48.000000', '2025-03-21 23:24:48.000000'),
        (105, 20, 'Earth Day Clean-Up', 'Celebrate Earth Day by helping us clean up our local park. Gloves and bags provided.', '2025-03-21 23:24:48.000000', '2025-03-21 23:24:48.000000'),
        (106, 21, 'Community Fair & Rodeo', 'Get ready for a day of fun at the community fair with a rodeo, carnival games, and live entertainment.', '2025-03-21 23:24:48.000000', '2025-03-21 23:24:48.000000'),
        (107, 4, 'Community Talent Showcase', 'Show off your talents! Whether you sing, dance, or perform, we want to see what you’ve got.', '2025-03-21 23:24:48.000000', '2025-03-21 23:24:48.000000'),
        (108, 20, 'Green Energy Talk', 'Join us for a discussion on green energy solutions and how we can make our community more eco-friendly.', '2025-03-21 23:24:48.000000', '2025-03-21 23:24:48.000000'),
        (109, 1, 'Local History Tour', 'Take a step back in time and explore the local history with a guided tour of the neighborhood.', '2025-03-21 23:24:48.000000', '2025-03-21 23:24:48.000000'),
        (110, 6, 'Mental Health Awareness Workshop', 'Join us for a free workshop on mental health awareness, resources, and coping strategies.', '2025-03-21 23:24:48.000000', '2025-03-21 23:24:48.000000'),
        (111, 20, 'Halloween Pumpkin Patch', 'Visit our pumpkin patch this October for pumpkin picking, carving, and family-friendly activities.', '2025-03-21 23:24:48.000000', '2025-03-21 23:24:48.000000'),
        (112, 45, 'Free Movie Screening', 'Enjoy a free screening of a classic movie at the community center this Friday evening.', '2025-03-21 23:24:48.000000', '2025-03-21 23:24:48.000000'),
        (113, 40, 'Free Wi-Fi at the Library', 'Our community library is offering free Wi-Fi! Stop by and make use of this new service.', '2025-03-21 23:24:48.000000', '2025-03-21 23:24:48.000000'),
        (114, 42, 'Senior’s Dance Night', 'Seniors, come dance the night away with us! Music, light snacks, and good company await.', '2025-03-21 23:24:48.000000', '2025-03-21 23:24:48.000000'),
        (115, 50, 'New Park Opening', 'Our new community park is opening this weekend! Come see the new facilities and join the ribbon-cutting ceremony.', '2025-03-21 23:24:48.000000', '2025-03-21 23:24:48.000000'),
        (116, 3, 'Free Tax Assistance', 'Get free tax preparation assistance at the community center this Saturday. Walk-ins welcome.', '2025-03-21 23:24:48.000000', '2025-03-21 23:24:48.000000'),
        (117, 2, 'Beach Clean-Up', 'Join us for a beach clean-up event to help keep our shores beautiful. Gloves and bags provided.', '2025-03-21 23:24:48.000000', '2025-03-21 23:24:48.000000'),
        (118, 60, 'Watercolor Painting Class', 'Learn the art of watercolor painting in this free, hands-on class at the community center.', '2025-03-21 23:24:48.000000', '2025-03-21 23:24:48.000000'),
        (119, 50, 'Pet Costume Contest', 'Dress up your pets and enter our pet costume contest. Prizes for the best costumes!', '2025-03-21 23:24:48.000000', '2025-03-21 23:24:48.000000'),
        (120, 5, 'New Library Hours', 'Our community library has extended its hours! Check out the new schedule for more time to borrow books.', '2025-03-21 23:24:48.000000', '2025-03-21 23:24:48.000000'),
        (121, 20, 'Art Classes for Kids', 'Sign up for art classes for kids this summer. A fun and creative way for children to express themselves.', '2025-03-21 23:24:48.000000', '2025-03-21 23:24:48.000000'),
        (122, 21, 'Local Artists Exhibition', 'Come and support local artists at the art exhibition opening this Friday at the community hall.', '2025-03-21 23:24:48.000000', '2025-03-21 23:24:48.000000'),
        (123, 4, 'Neighborhood Watch Program', 'We are starting a neighborhood watch program to ensure safety in our community. Contact us to sign up.', '2025-03-21 23:24:48.000000', '2025-03-21 23:24:48.000000'),
        (124, 20, 'Outdoor Fitness Class', 'Join us for a free outdoor fitness class at the park every Saturday morning. All levels welcome.', '2025-03-21 23:24:48.000000', '2025-03-21 23:24:48.000000'),
        (125, 1, 'Spring Festival', 'Celebrate the arrival of spring with food, games, and live entertainment at our annual festival.', '2025-03-21 23:24:48.000000', '2025-03-21 23:24:48.000000'),
        (126, 6, 'Senior Health Day', 'Free health screenings and information for seniors. Join us this Friday at the community center.', '2025-03-21 23:24:48.000000', '2025-03-21 23:24:48.000000'),
        (127, 20, 'Green Energy Talk', 'Join us for a discussion on green energy solutions and how we can make our community more eco-friendly.', '2025-03-21 23:24:48.000000', '2025-03-21 23:24:48.000000'),
        (128, 45, 'Youth Talent Show', 'Calling all young performers! Sign up for our youth talent show happening next month.', '2025-03-21 23:24:48.000000', '2025-03-21 23:24:48.000000'),
        (129, 40, 'Art Walk', 'Explore local art at our monthly Art Walk. Visit local galleries and meet the artists behind the work.', '2025-03-21 23:24:48.000000', '2025-03-21 23:24:48.000000'),
        (130, 42, 'Community Fair & Rodeo', 'Get ready for a day of fun at the community fair with a rodeo, carnival games, and live entertainment.', '2025-03-21 23:24:48.000000', '2025-03-21 23:24:48.000000'),
        (131, 50, 'Social Media Workshop', 'Learn how to enhance your social media presence in our workshop this Thursday evening.', '2025-03-21 23:24:48.000000', '2025-03-21 23:24:48.000000'),
        (132, 3, 'Volunteer Appreciation Event', 'We are hosting a special event to thank all our volunteers for their hard work and dedication.', '2025-03-21 23:24:48.000000', '2025-03-21 23:24:48.000000'),
        (133, 2, 'Food & Wine Tasting', 'Taste the best local food and wines at our community food and wine tasting event this weekend.', '2025-03-21 23:24:48.000000', '2025-03-21 23:24:48.000000'),
        (134, 50, 'Free Community Yoga', 'Relax and stretch with free yoga sessions in the park every Sunday morning.', '2025-03-21 23:24:48.000000', '2025-03-21 23:24:48.000000'),
        (135, 5, 'Cultural Festival', 'Celebrate diversity at our cultural festival! Enjoy music, food, and performances from around the world.', '2025-03-21 23:24:48.000000', '2025-03-21 23:24:48.000000'),
        (136, 20, 'Tech Workshop for Seniors', 'Learn how to use smartphones, tablets, and computers in our free tech workshop for seniors.', '2025-03-21 23:24:48.000000', '2025-03-21 23:24:48.000000'),
        (137, 21, 'Neighborhood Watch Program', 'We are starting a neighborhood watch program to ensure safety in our community. Contact us to sign up.', '2025-03-21 23:24:48.000000', '2025-03-21 23:24:48.000000'),
        (138, 4, 'Earth Day Clean-Up', 'Celebrate Earth Day by helping us clean up our local park. Gloves and bags provided.', '2025-03-21 23:24:48.000000', '2025-03-21 23:24:48.000000'),
        (139, 20, 'Indoor Flea Market', 'Our indoor flea market is happening this Saturday. Come find unique treasures and support local vendors.', '2025-03-21 23:24:48.000000', '2025-03-21 23:24:48.000000'),
        (140, 1, 'Neighborhood Walking Club', 'Get moving with the new walking club! Meet at the park every Monday at 8 AM for a morning walk.', '2025-03-21 23:24:48.000000', '2025-03-21 23:24:48.000000'),
        (141, 6, 'Community Fair & Rodeo', 'Get ready for a day of fun at the community fair with a rodeo, carnival games, and live entertainment.', '2025-03-21 23:24:48.000000', '2025-03-21 23:24:48.000000'),
        (142, 20, 'Halloween Pumpkin Patch', 'Visit our pumpkin patch this October for pumpkin picking, carving, and family-friendly activities.', '2025-03-21 23:24:48.000000', '2025-03-21 23:24:48.000000'),
        (143, 45, 'Free Wi-Fi at the Library', 'Our community library is offering free Wi-Fi! Stop by and make use of this new service.', '2025-03-21 23:24:48.000000', '2025-03-21 23:24:48.000000'),
        (144, 40, 'Litter Pick-Up Challenge', 'Join us for a community-wide litter pick-up challenge. Let’s clean up our neighborhood!', '2025-03-21 23:24:48.000000', '2025-03-21 23:24:48.000000'),
        (145, 42, 'Family Fun Day', 'Spend a day with the whole family at the park with games, food, and fun activities for all ages.', '2025-03-21 23:24:48.000000', '2025-03-21 23:24:48.000000'),
        (146, 50, 'Ice Skating Social', 'Join us for a social evening of ice skating, hot chocolate, and fun with neighbors.', '2025-03-21 23:24:48.000000', '2025-03-21 23:24:48.000000'),
        (147, 5, 'Winter Coat Drive', 'Donate gently used winter coats to help those in need during the colder months.', '2025-03-21 23:24:48.000000', '2025-03-21 23:24:48.000000'),
        (148, 20, 'Community Clean-Up Day', 'We need your help! Join us for a community-wide clean-up day and help us beautify our neighborhood.', '2025-03-21 23:24:48.000000', '2025-03-21 23:24:48.000000'),
        (149, 21, 'New Park Opening', 'Our new community park is opening this weekend! Come see the new facilities and join the ribbon-cutting ceremony.', '2025-03-21 23:24:48.000000', '2025-03-21 23:24:48.000000'),
        (150, 4, 'Summer Art Camp for Kids', 'Sign your kids up for our summer art camp, where they can learn new skills and express their creativity.', '2025-03-21 23:24:48.000000', '2025-03-21 23:24:48.000000'),
        (151, 20, 'Holiday Lights Display', 'Enjoy a magical evening at our annual holiday lights display in the town square.', '2025-03-21 23:24:48.000000', '2025-03-21 23:24:48.000000'),
        (152, 1, 'Fireworks Show', 'Enjoy a spectacular fireworks display at the park this 4th of July! Show starts at 9 PM.', '2025-03-21 23:24:48.000000', '2025-03-21 23:24:48.000000'),
        (153, 6, 'Outdoor Fitness Class', 'Join us for a free outdoor fitness class at the park every Saturday morning. All levels welcome.', '2025-03-21 23:24:48.000000', '2025-03-21 23:24:48.000000'),
        (154, 20, 'Local Food Truck Nights', 'Come enjoy dinner from a variety of food trucks every Friday evening at the community park.', '2025-03-21 23:24:48.000000', '2025-03-21 23:24:48.000000'),
        (155, 45, 'Earth Day Clean-Up', 'Celebrate Earth Day by helping us clean up our local park. Gloves and bags provided.', '2025-03-21 23:24:48.000000', '2025-03-21 23:24:48.000000'),
        (156, 50, 'Halloween Pumpkin Patch', 'Visit our pumpkin patch this October for pumpkin picking, carving, and family-friendly activities.', '2025-03-21 23:24:48.000000', '2025-03-21 23:24:48.000000'),
        (157, 5, 'Community Garden Workshop', 'Learn how to grow your own vegetables in our community garden workshop this Thursday.', '2025-03-21 23:24:48.000000', '2025-03-21 23:24:48.000000'),
        (158, 20, 'Mobile Library Visit', 'The mobile library will be visiting our neighborhood this Wednesday. Stop by to borrow books and resources.', '2025-03-21 23:24:48.000000', '2025-03-21 23:24:48.000000'),
        (159, 21, 'Job Skills Workshop', 'Improve your resume and interview skills in our job skills workshop this weekend.', '2025-03-21 23:24:48.000000', '2025-03-21 23:24:48.000000'),
        (160, 4, 'Family Fun Day', 'Spend a day with the whole family at the park with games, food, and fun activities for all ages.', '2025-03-21 23:24:48.000000', '2025-03-21 23:24:48.000000'),
        (161, 20, 'Mental Health Awareness Workshop', 'Join us for a free workshop on mental health awareness, resources, and coping strategies.', '2025-03-21 23:24:48.000000', '2025-03-21 23:24:48.000000'),
        (162, 1, 'Fireworks Show', 'Enjoy a spectacular fireworks display at the park this 4th of July! Show starts at 9 PM.', '2025-03-21 23:24:48.000000', '2025-03-21 23:24:48.000000'),
        (163, 6, 'New Library Hours', 'Our community library has extended its hours! Check out the new schedule for more time to borrow books.', '2025-03-21 23:24:48.000000', '2025-03-21 23:24:48.000000'),
        (164, 20, 'Senior’s Dance Night', 'Seniors, come dance the night away with us! Music, light snacks, and good company await.', '2025-03-21 23:24:48.000000', '2025-03-21 23:24:48.000000'),
        (165, 50, 'Food Bank Drive', 'Help stock the local food bank by donating non-perishable food items. Drop-off locations around town.', '2025-03-21 23:24:48.000000', '2025-03-21 23:24:48.000000'),
        (166, 5, 'Free Cooking Class', 'Join us for a free cooking class at the community center every Wednesday evening.', '2025-03-21 23:24:48.000000', '2025-03-21 23:24:48.000000'),
        (167, 20, 'Green Energy Talk', 'Join us for a discussion on green energy solutions and how we can make our community more eco-friendly.', '2025-03-21 23:24:48.000000', '2025-03-21 23:24:48.000000'),
        (168, 21, 'Free Self-Defense Class', 'Join us for a free self-defense class at the community center. Open to all ages and skill levels.', '2025-03-21 23:24:48.000000', '2025-03-21 23:24:48.000000'),
        (169, 4, 'Local Artists Exhibition', 'Come and support local artists at the art exhibition opening this Friday at the community hall.', '2025-03-21 23:24:48.000000', '2025-03-21 23:24:48.000000'),
        (170, 20, 'Community Crochet Circle', 'Join us for a cozy crochet circle every Tuesday afternoon. All skill levels are welcome.', '2025-03-21 23:24:48.000000', '2025-03-21 23:24:48.000000'),
        (171, 1, 'Thanksgiving Potluck', 'Celebrate Thanksgiving with a potluck dinner. Bring a dish and enjoy great company!', '2025-03-21 23:24:48.000000', '2025-03-21 23:24:48.000000'),
        (172, 6, 'Outdoor Fitness Class', 'Join us for a free outdoor fitness class at the park every Saturday morning. All levels welcome.', '2025-03-21 23:24:48.000000', '2025-03-21 23:24:48.000000'),
        (173, 20, 'Board Game Night', 'Come out and play your favorite board games with your neighbors. Snacks provided!', '2025-03-21 23:24:48.000000', '2025-03-21 23:24:48.000000'),
        (174, 45, 'Board Game Night', 'Come out and play your favorite board games with your neighbors. Snacks provided!', '2025-03-21 23:24:48.000000', '2025-03-21 23:24:48.000000'),
        (175, 40, 'Karaoke Night', 'Warm up your vocal cords and join us for a community karaoke night. Bring your favorite songs!', '2025-03-21 23:24:48.000000', '2025-03-21 23:24:48.000000'),
        (176, 42, 'Community Dance Party', 'Dance the night away at our community dance party! Music, lights, and fun for all.', '2025-03-21 23:24:48.000000', '2025-03-21 23:24:48.000000'),
        (177, 50, 'Community Bingo Fundraiser', 'Help raise funds for local projects by participating in our community bingo night!', '2025-03-21 23:24:48.000000', '2025-03-21 23:24:48.000000'),
        (178, 3, 'Volunteer Appreciation Event', 'We are hosting a special event to thank all our volunteers for their hard work and dedication.', '2025-03-21 23:24:48.000000', '2025-03-21 23:24:48.000000'),
        (179, 2, 'Christmas Parade', 'Get into the holiday spirit by joining our Christmas parade on December 5th.', '2025-03-21 23:24:48.000000', '2025-03-21 23:24:48.000000'),
        (180, 60, 'Free Gardening Seminar', 'Join our gardening experts for a free seminar on how to start your own vegetable garden.', '2025-03-21 23:24:48.000000', '2025-03-21 23:24:48.000000'),
        (181, 42, 'Book Club', 'Join our monthly book club meeting to discuss the latest read. New members welcome!', '2025-03-21 23:24:48.000000', '2025-03-21 23:24:48.000000'),
        (182, 50, 'Board Game Night', 'Come out and play your favorite board games with your neighbors. Snacks provided!', '2025-03-21 23:24:48.000000', '2025-03-21 23:24:48.000000'),
        (183, 3, 'Fireworks Show', 'Enjoy a spectacular fireworks display at the park this 4th of July! Show starts at 9 PM.', '2025-03-21 23:24:48.000000', '2025-03-21 23:24:48.000000'),
        (184, 2, 'Elder Care Fair', 'Find resources and support at our Elder Care Fair for seniors and their families.', '2025-03-21 23:24:48.000000', '2025-03-21 23:24:48.000000');

INSERT INTO public."post_tag" (id, tag_id, post_id)
VALUES  (167, 1, 1),
        (168, 1, 1),
        (169, 2, 2),
        (170, 2, 2),
        (171, 2, 2),
        (172, 3, 3),
        (173, 3, 3),
        (174, 4, 4),
        (175, 4, 4),
        (176, 4, 4),
        (177, 5, 5),
        (178, 5, 5),
        (179, 5, 5),
        (180, 5, 5),
        (181, 6, 6),
        (182, 6, 6),
        (183, 7, 7),
        (184, 7, 7),
        (185, 8, 8),
        (186, 8, 8),
        (187, 9, 9),
        (188, 9, 9),
        (189, 9, 9),
        (190, 9, 9),
        (191, 9, 9),
        (192, 10, 10),
        (193, 10, 10),
        (194, 10, 10),
        (195, 11, 11),
        (196, 11, 11),
        (197, 11, 11),
        (198, 11, 11),
        (199, 11, 11),
        (200, 12, 12),
        (201, 12, 12),
        (202, 12, 12),
        (203, 12, 12),
        (204, 12, 12),
        (205, 13, 13),
        (206, 13, 13),
        (207, 14, 14),
        (208, 14, 14),
        (209, 15, 15),
        (210, 15, 15),
        (211, 15, 15),
        (212, 15, 15),
        (213, 15, 15),
        (214, 16, 16),
        (215, 16, 16),
        (216, 17, 17),
        (217, 18, 18),
        (218, 18, 18),
        (219, 18, 18),
        (220, 18, 18),
        (221, 19, 19),
        (222, 19, 19),
        (223, 19, 19),
        (224, 19, 19),
        (225, 19, 19),
        (226, 20, 20),
        (227, 20, 20),
        (228, 20, 20),
        (229, 20, 20),
        (230, 20, 20),
        (231, 21, 21),
        (232, 21, 21),
        (233, 22, 22),
        (234, 24, 24),
        (235, 25, 25),
        (236, 26, 26),
        (237, 26, 26),
        (238, 26, 26),
        (239, 26, 26),
        (240, 26, 26),
        (241, 27, 27),
        (242, 27, 27),
        (243, 27, 27),
        (244, 27, 27),
        (245, 28, 28),
        (246, 28, 28),
        (247, 28, 28),
        (248, 28, 28),
        (249, 29, 29),
        (250, 29, 29),
        (251, 30, 30),
        (252, 30, 30),
        (253, 30, 30),
        (254, 30, 30),
        (255, 30, 30),
        (256, 33, 33),
        (257, 33, 33),
        (258, 33, 33),
        (259, 34, 34),
        (260, 34, 34),
        (261, 34, 34),
        (262, 34, 34),
        (263, 34, 34),
        (264, 35, 35),
        (265, 35, 35),
        (266, 35, 35),
        (267, 35, 35),
        (268, 36, 36),
        (269, 36, 36),
        (270, 36, 36),
        (271, 37, 37),
        (272, 38, 38),
        (273, 38, 38),
        (274, 39, 39),
        (275, 39, 39),
        (276, 40, 40),
        (277, 41, 41),
        (278, 42, 42),
        (279, 43, 43),
        (280, 43, 43),
        (281, 44, 44),
        (282, 45, 45),
        (283, 46, 46),
        (284, 47, 47),
        (285, 48, 48),
        (286, 48, 48),
        (287, 48, 48),
        (288, 49, 49),
        (289, 49, 49),
        (290, 51, 51),
        (291, 52, 52),
        (292, 52, 52),
        (293, 52, 52),
        (294, 54, 54),
        (295, 54, 54),
        (296, 55, 55),
        (297, 55, 55),
        (298, 55, 55),
        (299, 55, 55),
        (300, 56, 56),
        (301, 56, 56),
        (302, 57, 57),
        (303, 58, 58),
        (304, 58, 58),
        (305, 58, 58),
        (306, 59, 59),
        (307, 60, 60),
        (308, 60, 60),
        (309, 60, 60),
        (310, 61, 61),
        (311, 61, 61),
        (312, 61, 61),
        (313, 61, 61),
        (314, 61, 61),
        (315, 62, 62),
        (316, 62, 62),
        (317, 62, 62),
        (318, 63, 63),
        (319, 63, 63),
        (320, 63, 63),
        (321, 63, 63),
        (322, 63, 63),
        (323, 64, 64),
        (324, 64, 64),
        (325, 64, 64),
        (326, 64, 64),
        (327, 65, 65),
        (328, 65, 65),
        (329, 66, 66),
        (330, 66, 66),
        (331, 67, 67),
        (332, 67, 67),
        (333, 67, 67),
        (334, 67, 67),
        (335, 68, 68),
        (336, 68, 68),
        (337, 68, 68),
        (338, 68, 68),
        (339, 68, 68),
        (340, 69, 69),
        (341, 69, 69),
        (342, 69, 69),
        (343, 69, 69),
        (344, 70, 70),
        (345, 70, 70),
        (346, 70, 70),
        (347, 71, 71),
        (348, 71, 71),
        (349, 72, 72),
        (350, 72, 72),
        (351, 73, 73),
        (352, 73, 73),
        (353, 73, 73),
        (354, 74, 74),
        (355, 75, 75),
        (356, 75, 75),
        (357, 75, 75),
        (358, 75, 75),
        (359, 76, 76),
        (360, 76, 76),
        (361, 76, 76),
        (362, 76, 76),
        (363, 76, 76),
        (364, 77, 77),
        (365, 78, 78),
        (366, 78, 78),
        (367, 79, 79),
        (368, 79, 79),
        (369, 80, 80),
        (370, 80, 80),
        (371, 80, 80),
        (372, 80, 80),
        (373, 81, 81),
        (374, 81, 81),
        (375, 81, 81),
        (376, 81, 81),
        (377, 81, 81),
        (378, 82, 82),
        (379, 82, 82),
        (380, 82, 82),
        (381, 83, 83),
        (382, 83, 83),
        (383, 83, 83),
        (384, 83, 83),
        (385, 83, 83),
        (386, 84, 84),
        (387, 84, 84),
        (388, 84, 84),
        (389, 84, 84),
        (390, 85, 85),
        (391, 85, 85),
        (392, 85, 85),
        (393, 86, 86),
        (394, 86, 86),
        (395, 86, 86),
        (396, 86, 86),
        (397, 86, 86),
        (398, 87, 87),
        (399, 87, 87),
        (400, 87, 87),
        (401, 87, 87),
        (402, 87, 87),
        (403, 88, 88),
        (404, 88, 88),
        (405, 89, 89),
        (406, 89, 89),
        (407, 89, 89),
        (408, 89, 89),
        (409, 89, 89),
        (410, 91, 91),
        (411, 92, 92),
        (412, 93, 93),
        (413, 93, 93),
        (414, 93, 93),
        (415, 93, 93),
        (416, 94, 94),
        (417, 94, 94),
        (418, 94, 94),
        (419, 95, 95),
        (420, 95, 95),
        (421, 95, 95),
        (422, 96, 96),
        (423, 96, 96),
        (424, 96, 96),
        (425, 96, 96),
        (426, 98, 98),
        (427, 98, 98),
        (428, 98, 98),
        (429, 98, 98),
        (430, 98, 98),
        (431, 99, 99),
        (432, 99, 99),
        (433, 99, 99),
        (434, 99, 99),
        (435, 100, 100),
        (436, 100, 100),
        (437, 100, 100),
        (438, 101, 101),
        (439, 101, 101),
        (440, 101, 101),
        (441, 102, 102),
        (442, 102, 102),
        (443, 102, 102),
        (444, 102, 102),
        (445, 105, 105),
        (446, 105, 105),
        (447, 105, 105),
        (448, 106, 106),
        (449, 107, 107),
        (450, 107, 107),
        (451, 107, 107),
        (452, 107, 107),
        (453, 108, 108),
        (454, 108, 108),
        (455, 108, 108),
        (456, 108, 108),
        (457, 109, 109),
        (458, 109, 109),
        (459, 109, 109),
        (460, 110, 110),
        (461, 111, 111),
        (462, 111, 111),
        (463, 111, 111),
        (464, 111, 111),
        (465, 111, 111),
        (466, 113, 113),
        (467, 113, 113),
        (468, 113, 113),
        (469, 114, 114),
        (470, 114, 114),
        (471, 114, 114),
        (472, 114, 114),
        (473, 114, 114),
        (474, 116, 116),
        (475, 116, 116),
        (476, 116, 116),
        (477, 116, 116),
        (478, 117, 117),
        (479, 117, 117),
        (480, 117, 117),
        (481, 117, 117),
        (482, 117, 117),
        (483, 119, 119),
        (484, 119, 119),
        (485, 119, 119),
        (486, 119, 119),
        (487, 119, 119),
        (488, 120, 120),
        (489, 120, 120),
        (490, 121, 121),
        (491, 121, 121),
        (492, 122, 122),
        (493, 122, 122),
        (494, 122, 122),
        (495, 122, 122),
        (496, 122, 122),
        (497, 123, 123),
        (498, 124, 124),
        (499, 124, 124),
        (500, 124, 124),
        (501, 124, 124),
        (502, 125, 125),
        (503, 125, 125),
        (504, 125, 125),
        (505, 125, 125),
        (506, 126, 126),
        (507, 126, 126),
        (508, 126, 126),
        (509, 127, 127),
        (510, 127, 127),
        (511, 127, 127),
        (512, 127, 127),
        (513, 127, 127),
        (514, 129, 129),
        (515, 129, 129),
        (516, 129, 129),
        (517, 129, 129),
        (518, 130, 130),
        (519, 130, 130),
        (520, 131, 131),
        (521, 131, 131),
        (522, 131, 131),
        (523, 131, 131),
        (524, 131, 131),
        (525, 133, 133),
        (526, 134, 134),
        (527, 134, 134),
        (528, 134, 134),
        (529, 134, 134),
        (530, 136, 136),
        (531, 136, 136),
        (532, 136, 136),
        (533, 138, 138),
        (534, 138, 138),
        (535, 138, 138),
        (536, 139, 139),
        (537, 139, 139),
        (538, 139, 139),
        (539, 139, 139),
        (540, 139, 139),
        (541, 140, 140),
        (542, 140, 140),
        (543, 140, 140),
        (544, 140, 140),
        (545, 142, 142),
        (546, 143, 143),
        (547, 144, 144),
        (548, 144, 144),
        (549, 144, 144),
        (550, 144, 144),
        (551, 144, 144),
        (552, 145, 145),
        (553, 146, 146),
        (554, 146, 146),
        (555, 147, 147),
        (556, 147, 147),
        (557, 147, 147),
        (558, 148, 148),
        (559, 148, 148),
        (560, 148, 148),
        (561, 148, 148),
        (562, 148, 148),
        (563, 149, 149),
        (564, 149, 149),
        (565, 150, 150),
        (566, 150, 150),
        (567, 150, 150),
        (568, 150, 150),
        (569, 151, 151),
        (570, 152, 152),
        (571, 152, 152),
        (572, 152, 152),
        (573, 153, 153),
        (574, 153, 153),
        (575, 155, 155),
        (576, 155, 155),
        (577, 155, 155),
        (578, 155, 155),
        (579, 155, 155),
        (580, 156, 156),
        (581, 156, 156),
        (582, 156, 156),
        (583, 156, 156),
        (584, 156, 156),
        (585, 157, 157),
        (586, 157, 157),
        (587, 158, 158),
        (588, 158, 158),
        (589, 158, 158),
        (590, 158, 158),
        (591, 159, 159),
        (592, 160, 160),
        (593, 161, 161),
        (594, 161, 161),
        (595, 161, 161),
        (596, 161, 161),
        (597, 161, 161),
        (598, 162, 162),
        (599, 162, 162),
        (600, 162, 162),
        (601, 166, 166),
        (602, 167, 167),
        (603, 168, 168),
        (604, 168, 168),
        (605, 168, 168),
        (606, 168, 168),
        (607, 170, 170),
        (608, 171, 171),
        (609, 171, 171),
        (610, 172, 172),
        (611, 172, 172),
        (612, 173, 173),
        (613, 174, 174),
        (614, 174, 174),
        (615, 175, 175),
        (616, 177, 177),
        (617, 177, 177),
        (618, 180, 180),
        (619, 181, 181),
        (620, 182, 182),
        (621, 182, 182),
        (622, 182, 182),
        (623, 183, 183),
        (624, 183, 183),
        (625, 183, 183),
        (626, 183, 183),
        (627, 183, 183),
        (628, 184, 184),
        (629, 184, 184),
        (630, 184, 184),
        (631, 184, 184);

INSERT INTO public."post_image" (id, post_id, image_url)
VALUES  (1, 41, 'https://www.liquor.com/thmb/p-obVQqfD529bLGLtnpe2NCs6fM=/2121x1414/filters:fill(auto,1)/GettyImages-843630694-13ab0d8e3f1f4b38b2271ee22be6d137.jpg'),
        (2, 41, 'https://2.bp.blogspot.com/-x60WW-H2cUU/VjhandL-JZI/AAAAAAAAAbU/FYPXK9EcLx0/s1600/italian-pizza+guglielmo.jpg'),
        (3, 183, 'https://media.cntraveler.com/photos/649daf999b31895c2ec86af6/16:9/w_2560%2Cc_limit/July%25204%2520Events%2520in%2520NYC_GettyImages-1482783659.jpg'),
        (4, 56, 'https://www.pace.edu/sites/default/files/styles/16_9_1600x900/public/2023-03/article-hero-job-fair.jpg');

SELECT setval(pg_get_serial_sequence('post', 'id'), COALESCE((SELECT MAX(id) FROM "post") + 1, 1), FALSE);
SELECT setval(pg_get_serial_sequence('post_tag', 'id'), COALESCE((SELECT MAX(id) FROM "post_tag") + 1, 1), FALSE);
SELECT setval(pg_get_serial_sequence('post_image', 'id'), COALESCE((SELECT MAX(id) FROM "post_image") + 1, 1), FALSE);