INSERT INTO public."community" (id, name, description, public) VALUES
    (1, 'Community1', 'Description', TRUE),
    (2, 'Community2', 'Description', FALSE),
    (3, 'Community3', 'Description', TRUE),
    (4, 'Community4', 'Description', TRUE),
    (5, 'Community5', 'Description', TRUE),
    (6, 'Community6', 'Description', TRUE),
    (7, 'Community7', 'Description', TRUE),
    (8, 'Community8', 'Description', TRUE),
    (9, 'Community9', 'Description', TRUE),
    (10, 'Community10', 'Description', TRUE),
    (11, 'Community11', 'Description', TRUE),
    (12, 'Community12', 'Description', TRUE),
    (13, 'Community13', 'Description', TRUE),
    (14, 'Community14', 'Description', TRUE),
    (15, 'Community15', 'Description', TRUE),
    (16, 'Community16', 'Description', TRUE),
    (17, 'Community17', 'Description', TRUE),
    (18, 'Community18', 'Description', FALSE),
    (19, 'Community19', 'Description', TRUE),
    (20, 'Community20', 'Description', TRUE),
    (21, 'Community21', 'Description', TRUE),
    (22, 'Community22', 'Description', TRUE),
    (23, 'Community23', 'Description', FALSE),
    (24, 'Community24', 'Description', TRUE),
    (25, 'Community25', 'Description', TRUE),
    (26, 'Community26', 'Description', FALSE),
    (27, 'Community27', 'Description', FALSE),
    (28, 'Community28', 'Description', FALSE),
    (29, 'Community29', 'Description', TRUE),
    (30, 'Community30', 'Description', TRUE),
    (31, 'Community31', 'Description', TRUE),
    (32, 'Community32', 'Description', TRUE),
    (33, 'Community33', 'Description', TRUE),
    (34, 'Community34', 'Description', TRUE),
    (35, 'Community35', 'Description', TRUE),
    (36, 'Community36', 'Description', TRUE),
    (37, 'Community37', 'Description', TRUE),
    (38, 'Community38', 'Description', TRUE),
    (39, 'Community39', 'Description', TRUE),
    (40, 'Community40', 'Description', FALSE),
    (41, 'Community41', 'Description', TRUE),
    (42, 'Community42', 'Description', TRUE),
    (43, 'Community43', 'Description', TRUE),
    (44, 'Community44', 'Description', TRUE),
    (45, 'Community45', 'Description', TRUE),
    (46, 'Community46', 'Description', TRUE),
    (47, 'Community47', 'Description', TRUE),
    (48, 'Community48', 'Description', FALSE),
    (49, 'Community49', 'Description', TRUE),
    (50, 'Community50', 'Description', TRUE);

INSERT INTO public."community_users" (id, community_id, user_id, role) VALUES
    (1, 1, 384, 'admin'),
    (2, 1, 259, 'user'),
    (3, 1, 260, 'user'),
    (4, 1, 133, 'user'),
    (5, 1, 264, 'user'),
    (6, 1, 141, 'user'),
    (7, 1, 399, 'user'),
    (8, 1, 281, 'user'),
    (9, 1, 409, 'user'),
    (10, 1, 282, 'user'),
    (11, 1, 301, 'moderator'),
    (12, 1, 310, 'moderator'),
    (13, 1, 56, 'moderator'),
    (14, 1, 459, 'user'),
    (15, 1, 204, 'user'),
    (16, 1, 467, 'user'),
    (17, 1, 340, 'user'),
    (18, 1, 345, 'user'),
    (19, 1, 90, 'user'),
    (20, 1, 221, 'user'),
    (21, 1, 350, 'user'),
    (22, 1, 95, 'user'),
    (23, 1, 371, 'user'),
    (24, 1, 118, 'user'),
    (25, 1, 125, 'moderator'),
    (26, 1, 126, 'moderator'),
    (27, 2, 257, 'admin'),
    (28, 2, 260, 'moderator'),
    (29, 2, 7, 'user'),
    (30, 2, 400, 'moderator'),
    (31, 2, 151, 'user'),
    (32, 2, 280, 'user'),
    (33, 2, 154, 'user'),
    (34, 2, 156, 'user'),
    (35, 2, 29, 'user'),
    (36, 2, 286, 'user'),
    (37, 2, 415, 'user'),
    (38, 2, 418, 'moderator'),
    (39, 2, 35, 'moderator'),
    (40, 2, 423, 'moderator'),
    (41, 2, 299, 'user'),
    (42, 2, 302, 'user'),
    (43, 2, 176, 'moderator'),
    (44, 2, 304, 'user'),
    (45, 2, 63, 'user'),
    (46, 2, 319, 'user'),
    (47, 2, 65, 'user'),
    (48, 2, 199, 'user'),
    (49, 2, 200, 'user'),
    (50, 2, 75, 'user'),
    (51, 2, 332, 'user'),
    (52, 2, 334, 'user'),
    (53, 2, 468, 'admin'),
    (54, 2, 216, 'user'),
    (55, 2, 222, 'moderator'),
    (56, 2, 94, 'user'),
    (57, 2, 481, 'user'),
    (58, 2, 228, 'user'),
    (59, 2, 487, 'user'),
    (60, 2, 105, 'user'),
    (61, 2, 495, 'admin'),
    (62, 2, 500, 'user'),
    (63, 2, 375, 'admin'),
    (64, 3, 257, 'admin'),
    (65, 3, 129, 'user'),
    (66, 3, 4, 'user'),
    (67, 3, 132, 'user'),
    (68, 3, 17, 'user'),
    (69, 3, 283, 'user'),
    (70, 3, 31, 'user'),
    (71, 3, 417, 'user'),
    (72, 3, 297, 'user'),
    (73, 3, 174, 'user'),
    (74, 3, 177, 'moderator'),
    (75, 3, 181, 'user'),
    (76, 3, 445, 'user'),
    (77, 3, 334, 'moderator'),
    (78, 3, 463, 'user'),
    (79, 3, 82, 'moderator'),
    (80, 3, 83, 'user'),
    (81, 3, 340, 'user'),
    (82, 3, 466, 'user'),
    (83, 3, 347, 'user'),
    (84, 3, 112, 'user'),
    (85, 3, 497, 'user'),
    (86, 3, 113, 'user'),
    (87, 3, 374, 'moderator'),
    (88, 4, 392, 'admin'),
    (89, 4, 398, 'user'),
    (90, 4, 400, 'user'),
    (91, 4, 23, 'user'),
    (92, 4, 410, 'user'),
    (93, 4, 411, 'admin'),
    (94, 4, 418, 'user'),
    (95, 4, 292, 'admin'),
    (96, 4, 426, 'moderator'),
    (97, 4, 45, 'admin'),
    (98, 4, 48, 'user'),
    (99, 4, 49, 'user'),
    (100, 4, 190, 'moderator'),
    (101, 4, 62, 'user'),
    (102, 4, 203, 'user'),
    (103, 4, 333, 'user'),
    (104, 4, 475, 'user'),
    (105, 4, 94, 'user'),
    (106, 4, 357, 'moderator'),
    (107, 4, 490, 'moderator'),
    (108, 4, 239, 'user'),
    (109, 5, 129, 'admin'),
    (110, 5, 136, 'admin'),
    (111, 5, 9, 'user'),
    (112, 5, 11, 'user'),
    (113, 5, 19, 'user'),
    (114, 5, 22, 'user'),
    (115, 5, 279, 'user'),
    (116, 5, 288, 'moderator'),
    (117, 5, 170, 'user'),
    (118, 5, 178, 'user'),
    (119, 5, 51, 'moderator'),
    (120, 5, 59, 'user'),
    (121, 5, 316, 'user'),
    (122, 5, 451, 'user'),
    (123, 5, 73, 'moderator'),
    (124, 5, 459, 'user'),
    (125, 5, 334, 'user'),
    (126, 5, 342, 'user'),
    (127, 5, 94, 'user'),
    (128, 5, 224, 'user'),
    (129, 5, 97, 'user'),
    (130, 5, 104, 'user'),
    (131, 5, 254, 'moderator'),
    (132, 5, 122, 'user'),
    (133, 5, 126, 'user'),
    (134, 5, 127, 'user'),
    (135, 6, 261, 'admin'),
    (136, 6, 391, 'user'),
    (137, 6, 140, 'admin'),
    (138, 6, 22, 'user'),
    (139, 6, 26, 'user'),
    (140, 6, 282, 'moderator'),
    (141, 6, 285, 'user'),
    (142, 6, 30, 'user'),
    (143, 6, 34, 'moderator'),
    (144, 6, 164, 'user'),
    (145, 6, 168, 'moderator'),
    (146, 6, 175, 'user'),
    (147, 6, 318, 'user'),
    (148, 6, 322, 'user'),
    (149, 6, 333, 'moderator'),
    (150, 6, 211, 'user'),
    (151, 6, 472, 'user'),
    (152, 6, 89, 'user'),
    (153, 6, 90, 'user'),
    (154, 6, 220, 'user'),
    (155, 6, 477, 'moderator'),
    (156, 6, 480, 'user'),
    (157, 6, 353, 'moderator'),
    (158, 6, 238, 'user'),
    (159, 6, 120, 'user'),
    (160, 6, 251, 'user'),
    (161, 6, 380, 'user'),
    (162, 7, 3, 'admin'),
    (163, 7, 391, 'user'),
    (164, 7, 8, 'moderator'),
    (165, 7, 264, 'moderator'),
    (166, 7, 266, 'moderator'),
    (167, 7, 146, 'user'),
    (168, 7, 282, 'moderator'),
    (169, 7, 283, 'user'),
    (170, 7, 285, 'user'),
    (171, 7, 414, 'user'),
    (172, 7, 160, 'user'),
    (173, 7, 33, 'moderator'),
    (174, 7, 422, 'user'),
    (175, 7, 169, 'user'),
    (176, 7, 306, 'user'),
    (177, 7, 436, 'moderator'),
    (178, 7, 182, 'user'),
    (179, 7, 311, 'moderator'),
    (180, 7, 312, 'admin'),
    (181, 7, 58, 'admin'),
    (182, 7, 59, 'user'),
    (183, 7, 188, 'user'),
    (184, 7, 449, 'admin'),
    (185, 7, 197, 'user'),
    (186, 7, 73, 'user'),
    (187, 7, 204, 'user'),
    (188, 7, 469, 'user'),
    (189, 7, 341, 'user'),
    (190, 7, 93, 'user'),
    (191, 7, 221, 'moderator'),
    (192, 7, 95, 'moderator'),
    (193, 7, 223, 'user'),
    (194, 7, 226, 'user'),
    (195, 7, 102, 'user'),
    (196, 7, 489, 'user'),
    (197, 7, 498, 'user'),
    (198, 7, 243, 'user'),
    (199, 7, 371, 'moderator'),
    (200, 7, 242, 'user'),
    (201, 7, 372, 'user'),
    (202, 7, 375, 'user'),
    (203, 8, 453, 'admin'),
    (204, 8, 166, 'user'),
    (205, 8, 359, 'user'),
    (206, 8, 170, 'moderator'),
    (207, 8, 269, 'user'),
    (208, 8, 333, 'user'),
    (209, 8, 82, 'user'),
    (210, 8, 275, 'moderator'),
    (211, 8, 20, 'moderator'),
    (212, 8, 53, 'user'),
    (213, 8, 252, 'user'),
    (214, 8, 89, 'moderator'),
    (215, 8, 154, 'user'),
    (216, 8, 156, 'user'),
    (217, 9, 128, 'admin'),
    (218, 9, 259, 'user'),
    (219, 9, 132, 'user'),
    (220, 9, 260, 'user'),
    (221, 9, 11, 'user'),
    (222, 9, 267, 'admin'),
    (223, 9, 270, 'user'),
    (224, 9, 21, 'user'),
    (225, 9, 411, 'user'),
    (226, 9, 155, 'user'),
    (227, 9, 27, 'user'),
    (228, 9, 31, 'user'),
    (229, 9, 416, 'user'),
    (230, 9, 288, 'user'),
    (231, 9, 34, 'user'),
    (232, 9, 293, 'user'),
    (233, 9, 421, 'moderator'),
    (234, 9, 166, 'moderator'),
    (235, 9, 172, 'user'),
    (236, 9, 45, 'user'),
    (237, 9, 432, 'moderator'),
    (238, 9, 177, 'user'),
    (239, 9, 434, 'user'),
    (240, 9, 50, 'user'),
    (241, 9, 183, 'user'),
    (242, 9, 186, 'user'),
    (243, 9, 60, 'moderator'),
    (244, 9, 69, 'user'),
    (245, 9, 456, 'user'),
    (246, 9, 201, 'user'),
    (247, 9, 460, 'user'),
    (248, 9, 206, 'moderator'),
    (249, 9, 465, 'user'),
    (250, 9, 470, 'user'),
    (251, 9, 350, 'user'),
    (252, 9, 351, 'user'),
    (253, 9, 482, 'moderator'),
    (254, 9, 487, 'admin'),
    (255, 9, 235, 'moderator'),
    (256, 9, 108, 'moderator'),
    (257, 9, 492, 'user'),
    (258, 9, 495, 'user'),
    (259, 9, 249, 'user'),
    (260, 10, 264, 'admin'),
    (261, 10, 19, 'user'),
    (262, 10, 278, 'user'),
    (263, 10, 152, 'user'),
    (264, 10, 161, 'user'),
    (265, 10, 163, 'user'),
    (266, 10, 297, 'user'),
    (267, 10, 45, 'user'),
    (268, 10, 432, 'user'),
    (269, 10, 434, 'user'),
    (270, 10, 442, 'moderator'),
    (271, 10, 445, 'user'),
    (272, 10, 200, 'user'),
    (273, 10, 461, 'moderator'),
    (274, 10, 207, 'user'),
    (275, 10, 83, 'admin'),
    (276, 10, 343, 'user'),
    (277, 10, 219, 'user'),
    (278, 10, 221, 'user'),
    (279, 10, 225, 'user'),
    (280, 10, 482, 'user'),
    (281, 10, 109, 'user'),
    (282, 10, 249, 'user'),
    (283, 11, 324, 'admin'),
    (284, 11, 261, 'moderator'),
    (285, 11, 486, 'user'),
    (286, 11, 423, 'user'),
    (287, 11, 198, 'user'),
    (288, 11, 105, 'user'),
    (289, 11, 200, 'user'),
    (290, 11, 459, 'user'),
    (291, 11, 485, 'user'),
    (292, 11, 399, 'user'),
    (293, 11, 81, 'moderator'),
    (294, 11, 246, 'user'),
    (295, 11, 281, 'user'),
    (296, 11, 381, 'user'),
    (297, 12, 385, 'admin'),
    (298, 12, 5, 'user'),
    (299, 12, 392, 'user'),
    (300, 12, 136, 'moderator'),
    (301, 12, 398, 'user'),
    (302, 12, 272, 'user'),
    (303, 12, 17, 'user'),
    (304, 12, 146, 'user'),
    (305, 12, 279, 'user'),
    (306, 12, 280, 'user'),
    (307, 12, 25, 'user'),
    (308, 12, 286, 'user'),
    (309, 12, 31, 'user'),
    (310, 12, 160, 'user'),
    (311, 12, 417, 'user'),
    (312, 12, 35, 'user'),
    (313, 12, 295, 'user'),
    (314, 12, 44, 'user'),
    (315, 12, 434, 'user'),
    (316, 12, 443, 'moderator'),
    (317, 12, 316, 'user'),
    (318, 12, 187, 'user'),
    (319, 12, 189, 'user'),
    (320, 12, 63, 'user'),
    (321, 12, 318, 'user'),
    (322, 12, 68, 'moderator'),
    (323, 12, 456, 'user'),
    (324, 12, 333, 'user'),
    (325, 12, 340, 'user'),
    (326, 12, 470, 'user'),
    (327, 12, 214, 'moderator'),
    (328, 12, 346, 'user'),
    (329, 12, 92, 'user'),
    (330, 12, 352, 'user'),
    (331, 12, 102, 'user'),
    (332, 12, 493, 'user'),
    (333, 12, 366, 'admin'),
    (334, 12, 114, 'user'),
    (335, 12, 371, 'user'),
    (336, 12, 376, 'moderator'),
    (337, 12, 249, 'user'),
    (338, 12, 252, 'user'),
    (339, 12, 255, 'moderator'),
    (340, 13, 97, 'admin'),
    (341, 13, 321, 'user'),
    (342, 13, 33, 'moderator'),
    (343, 13, 132, 'user'),
    (344, 13, 486, 'user'),
    (345, 13, 134, 'moderator'),
    (346, 13, 302, 'user'),
    (347, 13, 336, 'admin'),
    (348, 13, 464, 'user'),
    (349, 13, 404, 'admin'),
    (350, 13, 245, 'user'),
    (351, 13, 212, 'user'),
    (352, 13, 23, 'user'),
    (353, 13, 93, 'user'),
    (354, 13, 415, 'user'),
    (355, 14, 256, 'admin'),
    (356, 14, 257, 'user'),
    (357, 14, 389, 'moderator'),
    (358, 14, 264, 'user'),
    (359, 14, 393, 'moderator'),
    (360, 14, 12, 'user'),
    (361, 14, 141, 'user'),
    (362, 14, 142, 'user'),
    (363, 14, 271, 'user'),
    (364, 14, 272, 'moderator'),
    (365, 14, 147, 'user'),
    (366, 14, 277, 'user'),
    (367, 14, 410, 'user'),
    (368, 14, 283, 'user'),
    (369, 14, 158, 'user'),
    (370, 14, 288, 'user'),
    (371, 14, 35, 'user'),
    (372, 14, 420, 'user'),
    (373, 14, 294, 'moderator'),
    (374, 14, 168, 'user'),
    (375, 14, 169, 'admin'),
    (376, 14, 175, 'user'),
    (377, 14, 305, 'user'),
    (378, 14, 179, 'user'),
    (379, 14, 180, 'user'),
    (380, 14, 439, 'user'),
    (381, 14, 454, 'user'),
    (382, 14, 336, 'user'),
    (383, 14, 465, 'user'),
    (384, 14, 214, 'user'),
    (385, 14, 88, 'user'),
    (386, 14, 476, 'moderator'),
    (387, 14, 223, 'user'),
    (388, 14, 481, 'user'),
    (389, 14, 225, 'user'),
    (390, 14, 108, 'user'),
    (391, 14, 116, 'user'),
    (392, 14, 125, 'moderator'),
    (393, 15, 288, 'admin'),
    (394, 15, 385, 'user'),
    (395, 15, 416, 'moderator'),
    (396, 15, 483, 'user'),
    (397, 15, 491, 'admin'),
    (398, 15, 77, 'user'),
    (399, 15, 143, 'user'),
    (400, 15, 307, 'user'),
    (401, 15, 372, 'user'),
    (402, 15, 84, 'user'),
    (403, 15, 311, 'user'),
    (404, 15, 249, 'user'),
    (405, 16, 58, 'admin'),
    (406, 16, 101, 'user'),
    (407, 16, 167, 'user'),
    (408, 16, 410, 'user'),
    (409, 16, 280, 'moderator'),
    (410, 16, 250, 'user'),
    (411, 16, 315, 'admin'),
    (412, 16, 30, 'user'),
    (413, 17, 132, 'admin'),
    (414, 17, 140, 'moderator'),
    (415, 17, 272, 'moderator'),
    (416, 17, 402, 'user'),
    (417, 17, 418, 'user'),
    (418, 17, 169, 'moderator'),
    (419, 17, 298, 'user'),
    (420, 17, 431, 'moderator'),
    (421, 17, 48, 'user'),
    (422, 17, 184, 'user'),
    (423, 17, 58, 'admin'),
    (424, 17, 321, 'user'),
    (425, 17, 66, 'user'),
    (426, 17, 73, 'user'),
    (427, 17, 334, 'user'),
    (428, 17, 464, 'user'),
    (429, 17, 466, 'user'),
    (430, 17, 214, 'user'),
    (431, 17, 470, 'moderator'),
    (432, 17, 477, 'moderator'),
    (433, 17, 221, 'user'),
    (434, 17, 222, 'user'),
    (435, 17, 230, 'user'),
    (436, 17, 103, 'user'),
    (437, 17, 232, 'user'),
    (438, 17, 495, 'user'),
    (439, 17, 113, 'user'),
    (440, 17, 115, 'moderator'),
    (441, 17, 376, 'user'),
    (442, 17, 125, 'user'),
    (443, 18, 256, 'admin'),
    (444, 18, 261, 'moderator'),
    (445, 18, 266, 'user'),
    (446, 18, 267, 'user'),
    (447, 18, 268, 'user'),
    (448, 18, 397, 'user'),
    (449, 18, 399, 'user'),
    (450, 18, 401, 'user'),
    (451, 18, 146, 'admin'),
    (452, 18, 405, 'user'),
    (453, 18, 284, 'moderator'),
    (454, 18, 159, 'user'),
    (455, 18, 160, 'user'),
    (456, 18, 298, 'user'),
    (457, 18, 426, 'user'),
    (458, 18, 172, 'user'),
    (459, 18, 45, 'user'),
    (460, 18, 174, 'user'),
    (461, 18, 429, 'user'),
    (462, 18, 48, 'moderator'),
    (463, 18, 50, 'user'),
    (464, 18, 441, 'user'),
    (465, 18, 443, 'moderator'),
    (466, 18, 317, 'user'),
    (467, 18, 190, 'user'),
    (468, 18, 320, 'user'),
    (469, 18, 449, 'user'),
    (470, 18, 326, 'user'),
    (471, 18, 71, 'user'),
    (472, 18, 455, 'user'),
    (473, 18, 465, 'user'),
    (474, 18, 482, 'user'),
    (475, 18, 229, 'moderator'),
    (476, 18, 107, 'user'),
    (477, 18, 237, 'user'),
    (478, 18, 111, 'user'),
    (479, 18, 498, 'user'),
    (480, 18, 126, 'user'),
    (481, 19, 131, 'admin'),
    (482, 19, 135, 'user'),
    (483, 19, 136, 'user'),
    (484, 19, 394, 'user'),
    (485, 19, 11, 'moderator'),
    (486, 19, 142, 'user'),
    (487, 19, 271, 'user'),
    (488, 19, 399, 'moderator'),
    (489, 19, 270, 'user'),
    (490, 19, 408, 'user'),
    (491, 19, 30, 'user'),
    (492, 19, 31, 'user'),
    (493, 19, 159, 'user'),
    (494, 19, 164, 'user'),
    (495, 19, 166, 'user'),
    (496, 19, 43, 'user'),
    (497, 19, 299, 'user'),
    (498, 19, 437, 'user'),
    (499, 19, 182, 'user'),
    (500, 19, 440, 'user'),
    (501, 19, 185, 'user'),
    (502, 19, 315, 'user'),
    (503, 19, 444, 'user'),
    (504, 19, 318, 'user'),
    (505, 19, 190, 'user'),
    (506, 19, 67, 'user'),
    (507, 19, 70, 'user'),
    (508, 19, 328, 'user'),
    (509, 19, 73, 'user'),
    (510, 19, 207, 'user'),
    (511, 19, 336, 'user'),
    (512, 19, 81, 'user'),
    (513, 19, 468, 'moderator'),
    (514, 19, 342, 'user'),
    (515, 19, 234, 'user'),
    (516, 19, 235, 'user'),
    (517, 19, 250, 'user'),
    (518, 19, 372, 'user'),
    (519, 19, 247, 'user'),
    (520, 19, 120, 'user'),
    (521, 19, 378, 'user'),
    (522, 19, 123, 'user'),
    (523, 19, 255, 'user'),
    (524, 20, 386, 'admin'),
    (525, 20, 29, 'user'),
    (526, 20, 158, 'user'),
    (527, 20, 31, 'user'),
    (528, 20, 414, 'user'),
    (529, 20, 162, 'user'),
    (530, 20, 292, 'user'),
    (531, 20, 165, 'user'),
    (532, 20, 294, 'user'),
    (533, 20, 423, 'user'),
    (534, 20, 39, 'user'),
    (535, 20, 425, 'user'),
    (536, 20, 171, 'moderator'),
    (537, 20, 300, 'user'),
    (538, 20, 301, 'user'),
    (539, 20, 48, 'moderator'),
    (540, 20, 50, 'user'),
    (541, 20, 55, 'admin'),
    (542, 20, 445, 'user'),
    (543, 20, 64, 'user'),
    (544, 20, 195, 'user'),
    (545, 20, 196, 'user'),
    (546, 20, 453, 'user'),
    (547, 20, 324, 'moderator'),
    (548, 20, 201, 'user'),
    (549, 20, 206, 'admin'),
    (550, 20, 335, 'moderator'),
    (551, 20, 210, 'moderator'),
    (552, 20, 82, 'user'),
    (553, 20, 466, 'user'),
    (554, 20, 86, 'user'),
    (555, 20, 342, 'admin'),
    (556, 20, 225, 'user'),
    (557, 20, 103, 'user'),
    (558, 20, 359, 'user'),
    (559, 20, 494, 'user'),
    (560, 20, 371, 'user'),
    (561, 20, 374, 'user'),
    (562, 20, 247, 'user'),
    (563, 20, 251, 'user'),
    (564, 20, 252, 'user'),
    (565, 20, 125, 'user'),
    (566, 21, 3, 'admin'),
    (567, 21, 261, 'user'),
    (568, 21, 140, 'user'),
    (569, 21, 13, 'user'),
    (570, 21, 15, 'user'),
    (571, 21, 147, 'user'),
    (572, 21, 150, 'moderator'),
    (573, 21, 32, 'user'),
    (574, 21, 163, 'user'),
    (575, 21, 298, 'user'),
    (576, 21, 45, 'user'),
    (577, 21, 430, 'user'),
    (578, 21, 434, 'moderator'),
    (579, 21, 307, 'admin'),
    (580, 21, 53, 'user'),
    (581, 21, 444, 'user'),
    (582, 21, 324, 'user'),
    (583, 21, 329, 'moderator'),
    (584, 21, 462, 'moderator'),
    (585, 21, 335, 'user'),
    (586, 21, 210, 'user'),
    (587, 21, 345, 'user'),
    (588, 21, 475, 'user'),
    (589, 21, 92, 'moderator'),
    (590, 21, 350, 'user'),
    (591, 21, 223, 'user'),
    (592, 21, 483, 'moderator'),
    (593, 21, 360, 'user'),
    (594, 21, 489, 'moderator'),
    (595, 21, 241, 'moderator'),
    (596, 21, 245, 'user'),
    (597, 21, 124, 'user'),
    (598, 22, 481, 'admin'),
    (599, 22, 450, 'user'),
    (600, 22, 322, 'user'),
    (601, 22, 356, 'user'),
    (602, 22, 263, 'user'),
    (603, 22, 39, 'user'),
    (604, 22, 10, 'user'),
    (605, 22, 171, 'user'),
    (606, 22, 107, 'user'),
    (607, 22, 340, 'user'),
    (608, 22, 89, 'user'),
    (609, 22, 126, 'user'),
    (610, 22, 476, 'user'),
    (611, 22, 445, 'user'),
    (612, 22, 382, 'user'),
    (613, 23, 241, 'admin'),
    (614, 24, 262, 'admin'),
    (615, 24, 6, 'user'),
    (616, 24, 10, 'user'),
    (617, 24, 267, 'user'),
    (618, 24, 397, 'moderator'),
    (619, 24, 144, 'user'),
    (620, 24, 404, 'user'),
    (621, 24, 405, 'moderator'),
    (622, 24, 150, 'admin'),
    (623, 24, 25, 'user'),
    (624, 24, 26, 'user'),
    (625, 24, 159, 'moderator'),
    (626, 24, 288, 'user'),
    (627, 24, 416, 'admin'),
    (628, 24, 296, 'moderator'),
    (629, 24, 431, 'user'),
    (630, 24, 59, 'user'),
    (631, 24, 443, 'user'),
    (632, 24, 317, 'user'),
    (633, 24, 190, 'moderator'),
    (634, 24, 187, 'moderator'),
    (635, 24, 448, 'user'),
    (636, 24, 321, 'user'),
    (637, 24, 194, 'user'),
    (638, 24, 323, 'user'),
    (639, 24, 463, 'user'),
    (640, 24, 336, 'user'),
    (641, 24, 466, 'moderator'),
    (642, 24, 476, 'user'),
    (643, 24, 93, 'user'),
    (644, 24, 100, 'admin'),
    (645, 24, 489, 'user'),
    (646, 24, 106, 'user'),
    (647, 24, 365, 'user'),
    (648, 24, 496, 'user'),
    (649, 24, 497, 'user'),
    (650, 24, 376, 'admin'),
    (651, 25, 257, 'admin'),
    (652, 25, 140, 'user'),
    (653, 25, 148, 'user'),
    (654, 25, 410, 'moderator'),
    (655, 25, 31, 'user'),
    (656, 25, 35, 'moderator'),
    (657, 25, 421, 'moderator'),
    (658, 25, 41, 'admin'),
    (659, 25, 45, 'user'),
    (660, 25, 432, 'user'),
    (661, 25, 433, 'user'),
    (662, 25, 306, 'user'),
    (663, 25, 441, 'user'),
    (664, 25, 314, 'user'),
    (665, 25, 185, 'user'),
    (666, 25, 188, 'user'),
    (667, 25, 317, 'user'),
    (668, 25, 62, 'user'),
    (669, 25, 326, 'user'),
    (670, 25, 198, 'user'),
    (671, 25, 331, 'moderator'),
    (672, 25, 464, 'user'),
    (673, 25, 336, 'user'),
    (674, 25, 89, 'user'),
    (675, 25, 474, 'user'),
    (676, 25, 358, 'user'),
    (677, 25, 231, 'user'),
    (678, 25, 250, 'user'),
    (679, 26, 387, 'admin'),
    (680, 26, 393, 'moderator'),
    (681, 26, 27, 'moderator'),
    (682, 26, 412, 'user'),
    (683, 26, 285, 'user'),
    (684, 26, 31, 'user'),
    (685, 26, 293, 'user'),
    (686, 26, 296, 'user'),
    (687, 26, 426, 'user'),
    (688, 26, 51, 'user'),
    (689, 26, 438, 'user'),
    (690, 26, 192, 'user'),
    (691, 26, 67, 'user'),
    (692, 26, 452, 'admin'),
    (693, 26, 458, 'user'),
    (694, 26, 333, 'user'),
    (695, 26, 78, 'user'),
    (696, 26, 344, 'user'),
    (697, 26, 361, 'user'),
    (698, 26, 107, 'user'),
    (699, 27, 129, 'admin'),
    (700, 27, 133, 'user'),
    (701, 27, 266, 'user'),
    (702, 27, 403, 'user'),
    (703, 27, 149, 'user'),
    (704, 27, 279, 'user'),
    (705, 27, 410, 'user'),
    (706, 27, 156, 'user'),
    (707, 27, 286, 'user'),
    (708, 27, 415, 'user'),
    (709, 27, 418, 'admin'),
    (710, 27, 292, 'moderator'),
    (711, 27, 166, 'user'),
    (712, 27, 41, 'user'),
    (713, 27, 49, 'user'),
    (714, 27, 184, 'user'),
    (715, 27, 186, 'moderator'),
    (716, 27, 445, 'moderator'),
    (717, 27, 191, 'moderator'),
    (718, 27, 68, 'user'),
    (719, 27, 325, 'user'),
    (720, 27, 200, 'user'),
    (721, 27, 458, 'user'),
    (722, 27, 81, 'moderator'),
    (723, 27, 211, 'user'),
    (724, 27, 471, 'user'),
    (725, 27, 220, 'user'),
    (726, 27, 93, 'user'),
    (727, 27, 478, 'user'),
    (728, 27, 354, 'user'),
    (729, 27, 231, 'moderator'),
    (730, 27, 488, 'user'),
    (731, 27, 122, 'user'),
    (732, 27, 252, 'user'),
    (733, 27, 253, 'moderator'),
    (734, 27, 254, 'user'),
    (735, 27, 383, 'moderator'),
    (736, 28, 331, 'admin'),
    (737, 28, 44, 'user'),
    (738, 28, 140, 'user'),
    (739, 28, 45, 'user'),
    (740, 28, 432, 'user'),
    (741, 28, 273, 'user'),
    (742, 28, 19, 'user'),
    (743, 28, 436, 'user'),
    (744, 28, 406, 'user'),
    (745, 28, 471, 'user'),
    (746, 28, 411, 'user'),
    (747, 28, 126, 'user'),
    (748, 29, 130, 'admin'),
    (749, 29, 9, 'admin'),
    (750, 29, 267, 'user'),
    (751, 29, 11, 'user'),
    (752, 29, 13, 'user'),
    (753, 29, 143, 'user'),
    (754, 29, 418, 'user'),
    (755, 29, 422, 'user'),
    (756, 29, 296, 'user'),
    (757, 29, 426, 'user'),
    (758, 29, 304, 'user'),
    (759, 29, 184, 'user'),
    (760, 29, 58, 'user'),
    (761, 29, 193, 'user'),
    (762, 29, 200, 'user'),
    (763, 29, 207, 'user'),
    (764, 29, 79, 'moderator'),
    (765, 29, 209, 'moderator'),
    (766, 29, 83, 'user'),
    (767, 29, 468, 'user'),
    (768, 29, 90, 'user'),
    (769, 29, 96, 'user'),
    (770, 29, 226, 'user'),
    (771, 29, 486, 'user'),
    (772, 29, 104, 'user'),
    (773, 29, 234, 'user'),
    (774, 29, 107, 'user'),
    (775, 29, 237, 'user'),
    (776, 29, 112, 'user'),
    (777, 29, 368, 'user'),
    (778, 29, 117, 'admin'),
    (779, 29, 121, 'user'),
    (780, 29, 252, 'user'),
    (781, 30, 480, 'admin'),
    (782, 30, 124, 'user'),
    (783, 30, 228, 'user'),
    (784, 30, 366, 'user'),
    (785, 31, 388, 'admin'),
    (786, 31, 133, 'moderator'),
    (787, 31, 262, 'user'),
    (788, 31, 9, 'user'),
    (789, 31, 267, 'user'),
    (790, 31, 397, 'user'),
    (791, 31, 143, 'user'),
    (792, 31, 18, 'user'),
    (793, 31, 20, 'user'),
    (794, 31, 407, 'moderator'),
    (795, 31, 280, 'user'),
    (796, 31, 408, 'user'),
    (797, 31, 155, 'user'),
    (798, 31, 412, 'user'),
    (799, 31, 415, 'user'),
    (800, 31, 161, 'user'),
    (801, 31, 418, 'user'),
    (802, 31, 167, 'user'),
    (803, 31, 296, 'user'),
    (804, 31, 39, 'user'),
    (805, 31, 302, 'user'),
    (806, 31, 306, 'user'),
    (807, 31, 315, 'user'),
    (808, 31, 60, 'moderator'),
    (809, 31, 317, 'user'),
    (810, 31, 62, 'moderator'),
    (811, 31, 198, 'user'),
    (812, 31, 73, 'user'),
    (813, 31, 203, 'moderator'),
    (814, 31, 77, 'user'),
    (815, 31, 207, 'user'),
    (816, 31, 212, 'user'),
    (817, 31, 472, 'user'),
    (818, 31, 93, 'user'),
    (819, 31, 101, 'user'),
    (820, 31, 362, 'user'),
    (821, 31, 111, 'user'),
    (822, 31, 240, 'user'),
    (823, 31, 113, 'moderator'),
    (824, 32, 261, 'admin'),
    (825, 32, 264, 'user'),
    (826, 32, 265, 'user'),
    (827, 32, 15, 'user'),
    (828, 32, 16, 'moderator'),
    (829, 32, 276, 'user'),
    (830, 32, 152, 'user'),
    (831, 32, 286, 'admin'),
    (832, 32, 40, 'user'),
    (833, 32, 425, 'admin'),
    (834, 32, 168, 'user'),
    (835, 32, 41, 'user'),
    (836, 32, 299, 'user'),
    (837, 32, 304, 'user'),
    (838, 32, 177, 'user'),
    (839, 32, 179, 'moderator'),
    (840, 32, 443, 'user'),
    (841, 32, 451, 'admin'),
    (842, 32, 67, 'user'),
    (843, 32, 197, 'admin'),
    (844, 32, 199, 'user'),
    (845, 32, 202, 'admin'),
    (846, 32, 76, 'user'),
    (847, 32, 80, 'user'),
    (848, 32, 469, 'user'),
    (849, 32, 216, 'user'),
    (850, 32, 218, 'moderator'),
    (851, 32, 94, 'user'),
    (852, 32, 358, 'moderator'),
    (853, 32, 494, 'user'),
    (854, 32, 248, 'user'),
    (855, 33, 35, 'admin'),
    (856, 33, 389, 'user'),
    (857, 33, 69, 'user'),
    (858, 33, 103, 'user'),
    (859, 33, 233, 'user'),
    (860, 33, 269, 'user'),
    (861, 33, 398, 'user'),
    (862, 33, 336, 'user'),
    (863, 33, 21, 'moderator'),
    (864, 33, 54, 'user'),
    (865, 33, 159, 'user'),
    (866, 34, 196, 'admin'),
    (867, 34, 102, 'user'),
    (868, 34, 106, 'user'),
    (869, 34, 83, 'user'),
    (870, 34, 150, 'user'),
    (871, 34, 186, 'moderator'),
    (872, 34, 479, 'user'),
    (873, 35, 385, 'admin'),
    (874, 35, 130, 'user'),
    (875, 35, 389, 'user'),
    (876, 35, 134, 'user'),
    (877, 35, 265, 'user'),
    (878, 35, 266, 'user'),
    (879, 35, 147, 'user'),
    (880, 35, 21, 'user'),
    (881, 35, 405, 'user'),
    (882, 35, 277, 'user'),
    (883, 35, 412, 'user'),
    (884, 35, 29, 'user'),
    (885, 35, 292, 'user'),
    (886, 35, 305, 'admin'),
    (887, 35, 52, 'user'),
    (888, 35, 308, 'user'),
    (889, 35, 439, 'user'),
    (890, 35, 55, 'user'),
    (891, 35, 442, 'user'),
    (892, 35, 316, 'user'),
    (893, 35, 61, 'user'),
    (894, 35, 190, 'user'),
    (895, 35, 321, 'user'),
    (896, 35, 195, 'moderator'),
    (897, 35, 330, 'moderator'),
    (898, 35, 204, 'user'),
    (899, 35, 470, 'user'),
    (900, 35, 86, 'user'),
    (901, 35, 217, 'moderator'),
    (902, 35, 89, 'user'),
    (903, 35, 219, 'user'),
    (904, 35, 224, 'user'),
    (905, 35, 357, 'user'),
    (906, 35, 102, 'user'),
    (907, 35, 489, 'user'),
    (908, 35, 492, 'user'),
    (909, 35, 497, 'user'),
    (910, 35, 115, 'user'),
    (911, 35, 378, 'user'),
    (912, 35, 251, 'moderator'),
    (913, 36, 132, 'admin'),
    (914, 36, 11, 'moderator'),
    (915, 36, 408, 'moderator'),
    (916, 36, 290, 'user'),
    (917, 36, 167, 'user'),
    (918, 36, 44, 'user'),
    (919, 36, 45, 'user'),
    (920, 36, 182, 'moderator'),
    (921, 36, 441, 'user'),
    (922, 36, 69, 'user'),
    (923, 36, 328, 'user'),
    (924, 36, 79, 'user'),
    (925, 36, 343, 'user'),
    (926, 36, 346, 'user'),
    (927, 36, 476, 'user'),
    (928, 36, 100, 'moderator'),
    (929, 36, 364, 'user'),
    (930, 36, 494, 'user'),
    (931, 36, 375, 'user'),
    (932, 36, 379, 'user'),
    (933, 36, 383, 'user'),
    (934, 37, 257, 'admin'),
    (935, 37, 130, 'user'),
    (936, 37, 386, 'user'),
    (937, 37, 132, 'moderator'),
    (938, 37, 262, 'user'),
    (939, 37, 282, 'user'),
    (940, 37, 27, 'user'),
    (941, 37, 412, 'user'),
    (942, 37, 410, 'user'),
    (943, 37, 287, 'user'),
    (944, 37, 415, 'user'),
    (945, 37, 168, 'user'),
    (946, 37, 297, 'user'),
    (947, 37, 43, 'user'),
    (948, 37, 48, 'user'),
    (949, 37, 56, 'user'),
    (950, 37, 451, 'user'),
    (951, 37, 210, 'admin'),
    (952, 37, 340, 'user'),
    (953, 37, 89, 'user'),
    (954, 37, 218, 'moderator'),
    (955, 37, 92, 'user'),
    (956, 37, 478, 'moderator'),
    (957, 37, 482, 'admin'),
    (958, 37, 489, 'moderator'),
    (959, 37, 237, 'user'),
    (960, 37, 113, 'user'),
    (961, 37, 126, 'user'),
    (962, 37, 254, 'user'),
    (963, 37, 255, 'admin'),
    (964, 38, 128, 'admin'),
    (965, 38, 484, 'user'),
    (966, 38, 326, 'user'),
    (967, 38, 232, 'user'),
    (968, 38, 12, 'admin'),
    (969, 38, 493, 'user'),
    (970, 38, 14, 'admin'),
    (971, 38, 464, 'admin'),
    (972, 38, 272, 'user'),
    (973, 38, 369, 'user'),
    (974, 38, 179, 'user'),
    (975, 38, 113, 'user'),
    (976, 38, 437, 'moderator'),
    (977, 38, 16, 'user'),
    (978, 38, 183, 'user'),
    (979, 38, 217, 'user'),
    (980, 38, 442, 'user'),
    (981, 38, 476, 'moderator'),
    (982, 39, 225, 'admin'),
    (983, 39, 226, 'user'),
    (984, 39, 388, 'admin'),
    (985, 39, 261, 'user'),
    (986, 39, 102, 'user'),
    (987, 39, 420, 'user'),
    (988, 39, 73, 'user'),
    (989, 39, 363, 'user'),
    (990, 39, 155, 'user'),
    (991, 39, 109, 'user'),
    (992, 39, 47, 'user'),
    (993, 39, 400, 'moderator'),
    (994, 39, 337, 'user'),
    (995, 39, 61, 'user'),
    (996, 39, 279, 'user'),
    (997, 39, 184, 'moderator'),
    (998, 39, 475, 'user'),
    (999, 39, 349, 'moderator'),
    (1000, 40, 390, 'admin'),
    (1001, 40, 9, 'user'),
    (1002, 40, 394, 'user'),
    (1003, 40, 395, 'moderator'),
    (1004, 40, 11, 'user'),
    (1005, 40, 13, 'user'),
    (1006, 40, 12, 'user'),
    (1007, 40, 404, 'user'),
    (1008, 40, 406, 'user'),
    (1009, 40, 24, 'user'),
    (1010, 40, 153, 'user'),
    (1011, 40, 289, 'moderator'),
    (1012, 40, 161, 'admin'),
    (1013, 40, 44, 'user'),
    (1014, 40, 303, 'user'),
    (1015, 40, 48, 'user'),
    (1016, 40, 432, 'user'),
    (1017, 40, 181, 'user'),
    (1018, 40, 438, 'user'),
    (1019, 40, 182, 'moderator'),
    (1020, 40, 57, 'user'),
    (1021, 40, 186, 'user'),
    (1022, 40, 442, 'user'),
    (1023, 40, 447, 'user'),
    (1024, 40, 66, 'moderator'),
    (1025, 40, 68, 'moderator'),
    (1026, 40, 459, 'user'),
    (1027, 40, 80, 'user'),
    (1028, 40, 470, 'user'),
    (1029, 40, 344, 'user'),
    (1030, 40, 475, 'user'),
    (1031, 40, 348, 'user'),
    (1032, 40, 350, 'user'),
    (1033, 40, 224, 'user'),
    (1034, 40, 356, 'user'),
    (1035, 40, 488, 'user'),
    (1036, 40, 110, 'user'),
    (1037, 40, 111, 'admin'),
    (1038, 40, 113, 'user'),
    (1039, 40, 243, 'user'),
    (1040, 40, 115, 'user'),
    (1041, 40, 125, 'moderator'),
    (1042, 40, 382, 'admin'),
    (1043, 41, 97, 'admin'),
    (1044, 41, 323, 'user'),
    (1045, 41, 37, 'user'),
    (1046, 41, 390, 'user'),
    (1047, 41, 91, 'user'),
    (1048, 41, 336, 'user'),
    (1049, 41, 467, 'user'),
    (1050, 41, 218, 'user'),
    (1051, 41, 411, 'user'),
    (1052, 41, 349, 'moderator'),
    (1053, 41, 61, 'admin'),
    (1054, 41, 319, 'user'),
    (1055, 42, 256, 'admin'),
    (1056, 42, 132, 'user'),
    (1057, 42, 393, 'user'),
    (1058, 42, 266, 'admin'),
    (1059, 42, 9, 'user'),
    (1060, 42, 398, 'user'),
    (1061, 42, 277, 'user'),
    (1062, 42, 26, 'moderator'),
    (1063, 42, 34, 'user'),
    (1064, 42, 60, 'moderator'),
    (1065, 42, 66, 'user'),
    (1066, 42, 75, 'user'),
    (1067, 42, 333, 'user'),
    (1068, 42, 466, 'user'),
    (1069, 42, 83, 'user'),
    (1070, 42, 84, 'moderator'),
    (1071, 42, 215, 'admin'),
    (1072, 42, 473, 'user'),
    (1073, 42, 350, 'user'),
    (1074, 42, 109, 'user'),
    (1075, 42, 119, 'user'),
    (1076, 42, 249, 'user'),
    (1077, 43, 131, 'admin'),
    (1078, 43, 259, 'user'),
    (1079, 43, 4, 'user'),
    (1080, 43, 9, 'user'),
    (1081, 43, 394, 'admin'),
    (1082, 43, 145, 'user'),
    (1083, 43, 147, 'user'),
    (1084, 43, 411, 'user'),
    (1085, 43, 417, 'user'),
    (1086, 43, 420, 'user'),
    (1087, 43, 295, 'moderator'),
    (1088, 43, 434, 'moderator'),
    (1089, 43, 308, 'user'),
    (1090, 43, 448, 'admin'),
    (1091, 43, 456, 'user'),
    (1092, 43, 76, 'user'),
    (1093, 43, 77, 'user'),
    (1094, 43, 209, 'user'),
    (1095, 43, 215, 'user'),
    (1096, 43, 217, 'user'),
    (1097, 43, 349, 'user'),
    (1098, 43, 222, 'user'),
    (1099, 43, 223, 'admin'),
    (1100, 43, 99, 'user'),
    (1101, 43, 484, 'user'),
    (1102, 43, 359, 'user'),
    (1103, 43, 363, 'user'),
    (1104, 43, 369, 'moderator'),
    (1105, 43, 241, 'user'),
    (1106, 43, 125, 'moderator'),
    (1107, 44, 258, 'admin'),
    (1108, 44, 136, 'user'),
    (1109, 44, 266, 'user'),
    (1110, 44, 140, 'user'),
    (1111, 44, 272, 'user'),
    (1112, 44, 279, 'user'),
    (1113, 44, 414, 'user'),
    (1114, 44, 168, 'user'),
    (1115, 44, 302, 'user'),
    (1116, 44, 174, 'user'),
    (1117, 44, 179, 'user'),
    (1118, 44, 53, 'user'),
    (1119, 44, 452, 'user'),
    (1120, 44, 207, 'user'),
    (1121, 44, 464, 'moderator'),
    (1122, 44, 342, 'moderator'),
    (1123, 44, 100, 'user'),
    (1124, 44, 369, 'moderator'),
    (1125, 44, 241, 'user'),
    (1126, 44, 372, 'moderator'),
    (1127, 44, 122, 'user'),
    (1128, 45, 97, 'admin'),
    (1129, 45, 167, 'user'),
    (1130, 45, 109, 'user'),
    (1131, 45, 112, 'user'),
    (1132, 45, 496, 'user'),
    (1133, 45, 60, 'user'),
    (1134, 46, 390, 'admin'),
    (1135, 46, 427, 'user'),
    (1136, 46, 303, 'user'),
    (1137, 46, 400, 'user'),
    (1138, 46, 305, 'moderator'),
    (1139, 46, 463, 'user'),
    (1140, 46, 243, 'admin'),
    (1141, 46, 155, 'moderator'),
    (1142, 46, 477, 'user'),
    (1143, 47, 5, 'admin'),
    (1144, 47, 133, 'user'),
    (1145, 47, 265, 'moderator'),
    (1146, 47, 279, 'user'),
    (1147, 47, 411, 'moderator'),
    (1148, 47, 283, 'user'),
    (1149, 47, 162, 'moderator'),
    (1150, 47, 420, 'user'),
    (1151, 47, 170, 'user'),
    (1152, 47, 312, 'user'),
    (1153, 47, 323, 'moderator'),
    (1154, 47, 71, 'user'),
    (1155, 47, 327, 'user'),
    (1156, 47, 329, 'user'),
    (1157, 47, 332, 'moderator'),
    (1158, 47, 338, 'user'),
    (1159, 47, 218, 'user'),
    (1160, 47, 357, 'moderator'),
    (1161, 47, 102, 'user'),
    (1162, 47, 489, 'moderator'),
    (1163, 47, 108, 'user'),
    (1164, 47, 368, 'user'),
    (1165, 47, 374, 'user'),
    (1166, 48, 131, 'admin'),
    (1167, 48, 132, 'user'),
    (1168, 48, 390, 'moderator'),
    (1169, 48, 269, 'user'),
    (1170, 48, 141, 'user'),
    (1171, 48, 22, 'user'),
    (1172, 48, 279, 'user'),
    (1173, 48, 151, 'user'),
    (1174, 48, 32, 'user'),
    (1175, 48, 36, 'user'),
    (1176, 48, 423, 'moderator'),
    (1177, 48, 41, 'user'),
    (1178, 48, 428, 'user'),
    (1179, 48, 305, 'user'),
    (1180, 48, 51, 'user'),
    (1181, 48, 52, 'user'),
    (1182, 48, 55, 'user'),
    (1183, 48, 442, 'user'),
    (1184, 48, 316, 'admin'),
    (1185, 48, 64, 'user'),
    (1186, 48, 450, 'user'),
    (1187, 48, 67, 'user'),
    (1188, 48, 69, 'user'),
    (1189, 48, 199, 'moderator'),
    (1190, 48, 329, 'user'),
    (1191, 48, 461, 'user'),
    (1192, 48, 208, 'user'),
    (1193, 48, 217, 'moderator'),
    (1194, 48, 476, 'user'),
    (1195, 48, 350, 'user'),
    (1196, 48, 227, 'user'),
    (1197, 48, 241, 'moderator'),
    (1198, 48, 114, 'admin'),
    (1199, 48, 244, 'moderator'),
    (1200, 48, 116, 'user'),
    (1201, 48, 246, 'user'),
    (1202, 48, 120, 'user'),
    (1203, 48, 123, 'user'),
    (1204, 49, 6, 'admin'),
    (1205, 49, 7, 'moderator'),
    (1206, 49, 9, 'admin'),
    (1207, 49, 140, 'user'),
    (1208, 49, 145, 'user'),
    (1209, 49, 148, 'user'),
    (1210, 49, 149, 'user'),
    (1211, 49, 406, 'user'),
    (1212, 49, 21, 'user'),
    (1213, 49, 152, 'user'),
    (1214, 49, 26, 'user'),
    (1215, 49, 28, 'user'),
    (1216, 49, 30, 'user'),
    (1217, 49, 418, 'user'),
    (1218, 49, 36, 'moderator'),
    (1219, 49, 37, 'user'),
    (1220, 49, 294, 'user'),
    (1221, 49, 422, 'user'),
    (1222, 49, 42, 'user'),
    (1223, 49, 438, 'user'),
    (1224, 49, 58, 'user'),
    (1225, 49, 316, 'user'),
    (1226, 49, 445, 'user'),
    (1227, 49, 325, 'user'),
    (1228, 49, 454, 'user'),
    (1229, 49, 73, 'user'),
    (1230, 49, 463, 'user'),
    (1231, 49, 80, 'user'),
    (1232, 49, 338, 'user'),
    (1233, 49, 210, 'user'),
    (1234, 49, 211, 'user'),
    (1235, 49, 343, 'user'),
    (1236, 49, 219, 'user'),
    (1237, 49, 222, 'user'),
    (1238, 49, 352, 'moderator'),
    (1239, 49, 491, 'user'),
    (1240, 49, 498, 'user'),
    (1241, 49, 244, 'moderator'),
    (1242, 49, 117, 'user'),
    (1243, 49, 123, 'user'),
    (1244, 49, 252, 'user'),
    (1245, 50, 417, 'admin'),
    (1246, 50, 193, 'moderator'),
    (1247, 50, 260, 'user'),
    (1248, 50, 484, 'moderator'),
    (1249, 50, 211, 'user'),
    (1250, 50, 377, 'user'),
    (1251, 50, 157, 'user');

INSERT INTO public."community_degree" (id, community_id, degree_id) VALUES
    (1, 1, 382),
    (2, 1, 99),
    (3, 1, 170),
    (4, 1, 345),
    (5, 1, 345),
    (6, 1, 529),
    (7, 1, 484),
    (8, 2, 43),
    (9, 2, 396),
    (10, 2, 235),
    (11, 2, 540),
    (12, 2, 606),
    (13, 3, 23),
    (14, 3, 584),
    (15, 3, 578),
    (16, 3, 443),
    (17, 3, 388),
    (18, 3, 586),
    (19, 3, 331),
    (20, 3, 180),
    (21, 4, 430),
    (22, 4, 60),
    (23, 4, 340),
    (24, 4, 288),
    (25, 4, 289),
    (26, 4, 25),
    (27, 5, 401),
    (28, 5, 59),
    (29, 5, 51),
    (30, 5, 603),
    (31, 5, 277),
    (32, 5, 464),
    (33, 5, 29),
    (34, 5, 160),
    (35, 5, 554),
    (36, 5, 363),
    (37, 5, 124),
    (38, 5, 503),
    (39, 6, 77),
    (40, 6, 573),
    (41, 6, 24),
    (42, 6, 560),
    (43, 6, 494),
    (44, 6, 80),
    (45, 6, 346),
    (46, 6, 308),
    (47, 6, 446),
    (48, 7, 449),
    (49, 7, 20),
    (50, 7, 159),
    (51, 7, 549),
    (52, 7, 384),
    (53, 7, 540),
    (54, 7, 408),
    (55, 7, 437),
    (56, 7, 296),
    (57, 7, 57),
    (58, 7, 41),
    (59, 8, 598),
    (60, 8, 231),
    (61, 8, 444),
    (62, 8, 547),
    (63, 9, 3),
    (64, 9, 21),
    (65, 9, 28),
    (66, 9, 187),
    (67, 9, 380),
    (68, 9, 178),
    (69, 10, 558),
    (70, 10, 327),
    (71, 10, 100),
    (72, 10, 196),
    (73, 10, 144),
    (74, 10, 602),
    (75, 10, 204),
    (76, 10, 78),
    (77, 10, 560),
    (78, 11, 45),
    (79, 11, 270),
    (80, 11, 253),
    (81, 11, 430),
    (82, 11, 434),
    (83, 11, 557),
    (84, 12, 14),
    (85, 12, 234),
    (86, 12, 377),
    (87, 12, 61),
    (88, 12, 234),
    (89, 12, 61),
    (90, 12, 522),
    (91, 12, 41),
    (92, 12, 422),
    (93, 12, 84),
    (94, 12, 284),
    (95, 12, 155),
    (96, 13, 292),
    (97, 13, 192),
    (98, 13, 535),
    (99, 13, 444),
    (100, 13, 568),
    (101, 13, 385),
    (102, 13, 272),
    (103, 14, 404),
    (104, 14, 129),
    (105, 14, 560),
    (106, 14, 399),
    (107, 14, 103),
    (108, 14, 273),
    (109, 15, 563),
    (110, 15, 123),
    (111, 15, 87),
    (112, 15, 438),
    (113, 15, 600),
    (114, 15, 415),
    (115, 15, 448),
    (116, 16, 91),
    (117, 16, 491),
    (118, 16, 135),
    (119, 16, 362),
    (120, 16, 391),
    (121, 16, 436),
    (122, 16, 503),
    (123, 16, 584),
    (124, 16, 341),
    (125, 16, 167),
    (126, 16, 15),
    (127, 17, 302),
    (128, 17, 9),
    (129, 17, 300),
    (130, 17, 437),
    (131, 17, 273),
    (132, 17, 255),
    (133, 17, 607),
    (134, 18, 549),
    (135, 18, 338),
    (136, 18, 482),
    (137, 18, 391),
    (138, 18, 515),
    (139, 18, 74),
    (140, 18, 482),
    (141, 18, 100),
    (142, 19, 273),
    (143, 19, 580),
    (144, 19, 129),
    (145, 19, 58),
    (146, 19, 97),
    (147, 19, 122),
    (148, 20, 101),
    (149, 20, 597),
    (150, 20, 568),
    (151, 20, 295),
    (152, 20, 250),
    (153, 20, 512),
    (154, 20, 61),
    (155, 20, 100),
    (156, 21, 427),
    (157, 21, 605),
    (158, 21, 378),
    (159, 21, 458),
    (160, 21, 131),
    (161, 21, 159),
    (162, 21, 17),
    (163, 21, 531),
    (164, 21, 174),
    (165, 21, 398),
    (166, 21, 463),
    (167, 22, 563),
    (168, 22, 386),
    (169, 22, 521),
    (170, 22, 322),
    (171, 22, 20),
    (172, 22, 195),
    (173, 22, 26),
    (174, 22, 574),
    (175, 22, 291),
    (176, 22, 477),
    (177, 22, 301),
    (178, 23, 461),
    (179, 23, 609),
    (180, 23, 29),
    (181, 23, 565),
    (182, 24, 213),
    (183, 24, 324),
    (184, 24, 563),
    (185, 24, 263),
    (186, 25, 495),
    (187, 25, 274),
    (188, 25, 363),
    (189, 25, 523),
    (190, 25, 495),
    (191, 25, 294),
    (192, 26, 351),
    (193, 26, 114),
    (194, 26, 233),
    (195, 26, 562),
    (196, 26, 115),
    (197, 26, 86),
    (198, 27, 298),
    (199, 27, 559),
    (200, 27, 353),
    (201, 27, 159),
    (202, 27, 402),
    (203, 28, 14),
    (204, 28, 219),
    (205, 28, 450),
    (206, 28, 503),
    (207, 28, 534),
    (208, 28, 226),
    (209, 28, 297),
    (210, 28, 64),
    (211, 28, 582),
    (212, 28, 118),
    (213, 29, 138),
    (214, 29, 539),
    (215, 29, 173),
    (216, 29, 345),
    (217, 29, 89),
    (218, 29, 116),
    (219, 29, 506),
    (220, 30, 252),
    (221, 30, 100),
    (222, 30, 204),
    (223, 30, 192),
    (224, 30, 366),
    (225, 30, 89),
    (226, 31, 250),
    (227, 31, 508),
    (228, 31, 199),
    (229, 31, 149),
    (230, 31, 14),
    (231, 31, 137),
    (232, 31, 480),
    (233, 32, 127),
    (234, 32, 214),
    (235, 32, 307),
    (236, 32, 519),
    (237, 32, 471),
    (238, 32, 79),
    (239, 33, 9),
    (240, 33, 58),
    (241, 33, 538),
    (242, 33, 135),
    (243, 33, 435),
    (244, 33, 438),
    (245, 33, 381),
    (246, 34, 302),
    (247, 34, 393),
    (248, 34, 596),
    (249, 34, 281),
    (250, 35, 124),
    (251, 35, 203),
    (252, 35, 281),
    (253, 35, 255),
    (254, 35, 451),
    (255, 35, 517),
    (256, 35, 81),
    (257, 35, 415),
    (258, 36, 196),
    (259, 36, 70),
    (260, 36, 422),
    (261, 36, 162),
    (262, 37, 395),
    (263, 37, 352),
    (264, 37, 438),
    (265, 37, 314),
    (266, 37, 461),
    (267, 37, 257),
    (268, 37, 480),
    (269, 38, 219),
    (270, 38, 282),
    (271, 38, 580),
    (272, 38, 595),
    (273, 38, 223),
    (274, 38, 379),
    (275, 38, 452),
    (276, 38, 77),
    (277, 39, 512),
    (278, 39, 229),
    (279, 39, 504),
    (280, 39, 379),
    (281, 39, 409),
    (282, 39, 63),
    (283, 39, 337),
    (284, 39, 408),
    (285, 39, 251),
    (286, 39, 267),
    (287, 39, 209),
    (288, 40, 372),
    (289, 40, 106),
    (290, 40, 595),
    (291, 40, 332),
    (292, 40, 121),
    (293, 40, 163),
    (294, 40, 552),
    (295, 40, 52),
    (296, 40, 353),
    (297, 40, 437),
    (298, 41, 593),
    (299, 41, 34),
    (300, 41, 314),
    (301, 41, 284),
    (302, 41, 410),
    (303, 41, 391),
    (304, 41, 407),
    (305, 41, 402),
    (306, 42, 592),
    (307, 42, 542),
    (308, 42, 17),
    (309, 42, 444),
    (310, 42, 433),
    (311, 42, 572),
    (312, 42, 385),
    (313, 43, 213),
    (314, 43, 350),
    (315, 43, 322),
    (316, 43, 597),
    (317, 43, 153),
    (318, 43, 251),
    (319, 43, 409),
    (320, 44, 455),
    (321, 44, 117),
    (322, 44, 549),
    (323, 44, 489),
    (324, 44, 311),
    (325, 44, 64),
    (326, 44, 351),
    (327, 44, 340),
    (328, 44, 584),
    (329, 44, 135),
    (330, 44, 456),
    (331, 45, 253),
    (332, 45, 375),
    (333, 45, 91),
    (334, 45, 99),
    (335, 45, 160),
    (336, 45, 590),
    (337, 45, 63),
    (338, 45, 542),
    (339, 46, 304),
    (340, 46, 589),
    (341, 46, 34),
    (342, 46, 573),
    (343, 46, 338),
    (344, 46, 470),
    (345, 46, 512),
    (346, 46, 363),
    (347, 46, 44),
    (348, 46, 291),
    (349, 47, 132),
    (350, 47, 523),
    (351, 47, 602),
    (352, 47, 481),
    (353, 47, 30),
    (354, 47, 407),
    (355, 47, 386),
    (356, 47, 484),
    (357, 47, 455),
    (358, 47, 193),
    (359, 48, 494),
    (360, 48, 139),
    (361, 48, 363),
    (362, 48, 217),
    (363, 49, 159),
    (364, 49, 254),
    (365, 49, 555),
    (366, 49, 585),
    (367, 49, 362),
    (368, 49, 394),
    (369, 49, 325),
    (370, 49, 261),
    (371, 50, 203),
    (372, 50, 41),
    (373, 50, 113),
    (374, 50, 509),
    (375, 50, 427),
    (376, 50, 228),
    (377, 50, 322);
INSERT INTO public."community_tag" (id, community_id, tag_id) VALUES
    (1, 1, 53),
    (2, 1, 130),
    (3, 1, 159),
    (4, 2, 36),
    (5, 2, 23),
    (6, 2, 80),
    (7, 2, 65),
    (8, 4, 54),
    (9, 4, 66),
    (10, 4, 192),
    (11, 5, 161),
    (12, 5, 172),
    (13, 5, 58),
    (14, 5, 18),
    (15, 5, 10),
    (16, 6, 102),
    (17, 6, 80),
    (18, 6, 94),
    (19, 6, 57),
    (20, 6, 181),
    (21, 7, 150),
    (22, 8, 75),
    (23, 8, 22),
    (24, 8, 59),
    (25, 9, 23),
    (26, 9, 60),
    (27, 9, 101),
    (28, 9, 129),
    (29, 10, 21),
    (30, 11, 87),
    (31, 12, 92),
    (32, 12, 66),
    (33, 12, 52),
    (34, 12, 158),
    (35, 12, 164),
    (36, 13, 18),
    (37, 13, 133),
    (38, 13, 14),
    (39, 13, 130),
    (40, 14, 67),
    (41, 15, 9),
    (42, 15, 40),
    (43, 15, 18),
    (44, 16, 82),
    (45, 16, 104),
    (46, 17, 6),
    (47, 17, 13),
    (48, 17, 4),
    (49, 20, 128),
    (50, 21, 169),
    (51, 21, 173),
    (52, 22, 27),
    (53, 22, 84),
    (54, 23, 175),
    (55, 23, 137),
    (56, 23, 130),
    (57, 23, 140),
    (58, 23, 78),
    (59, 24, 122),
    (60, 25, 159),
    (61, 25, 16),
    (62, 25, 92),
    (63, 25, 184),
    (64, 25, 28),
    (65, 26, 56),
    (66, 26, 157),
    (67, 26, 190),
    (68, 27, 106),
    (69, 27, 168),
    (70, 27, 101),
    (71, 28, 97),
    (72, 29, 184),
    (73, 30, 32),
    (74, 30, 128),
    (75, 31, 26),
    (76, 31, 51),
    (77, 31, 76),
    (78, 31, 77),
    (79, 31, 113),
    (80, 33, 143),
    (81, 33, 50),
    (82, 33, 86),
    (83, 33, 9),
    (84, 33, 92),
    (85, 34, 80),
    (86, 34, 14),
    (87, 34, 185),
    (88, 34, 162),
    (89, 36, 60),
    (90, 36, 43),
    (91, 37, 93),
    (92, 37, 15),
    (93, 37, 59),
    (94, 39, 179),
    (95, 39, 131),
    (96, 39, 93),
    (97, 39, 27),
    (98, 39, 194),
    (99, 40, 197),
    (100, 40, 130),
    (101, 40, 141),
    (102, 41, 15),
    (103, 41, 136),
    (104, 41, 99),
    (105, 41, 60),
    (106, 42, 176),
    (107, 43, 169),
    (108, 43, 90),
    (109, 43, 156),
    (110, 43, 148),
    (111, 43, 81),
    (112, 44, 199),
    (113, 44, 3),
    (114, 44, 115),
    (115, 45, 79),
    (116, 45, 41),
    (117, 45, 5),
    (118, 45, 23),
    (119, 45, 161),
    (120, 46, 25),
    (121, 46, 162),
    (122, 46, 47),
    (123, 46, 194),
    (124, 47, 89),
    (125, 48, 185),
    (126, 48, 150),
    (127, 49, 81),
    (128, 50, 12),
    (129, 50, 63),
    (130, 50, 127);

INSERT INTO public."event" (id, community_id, title, description, location, datetime, duration) VALUES
    (1, 1, 'Community Picnic', 'A fun outdoor gathering with food, games, and activities.', 'Local Park', '2025-06-23', 4),
    (2, 2, 'Bike Ride for Charity', 'A charity bike ride to raise funds for a cause.', 'City Streets', '2025-10-19', 4),
    (3, 2, 'Cultural Cooking Class', 'A cooking class where participants learn to make dishes from another culture.', 'Community Kitchen', '2025-09-20', 3),
    (4, 2, 'Meditation Retreat', 'A peaceful day dedicated to mindfulness, meditation, and relaxation.', 'Local Retreat Center', '2025-08-30', 6),
    (5, 3, 'Health Fair', 'A community event with free health screenings and wellness resources.', 'Community Center', '2025-12-26', 4),
    (6, 3, 'Community Art Installation', 'A collaborative public art project for the community.', 'Public Park', '2025-11-26', 6),
    (7, 3, 'Winter Festival', 'A festival featuring ice skating, hot chocolate, and holiday decorations.', 'City Park', '2025-11-29', 4),
    (8, 3, 'DIY Flower Arranging Workshop', 'A workshop teaching the art of flower arranging using seasonal flowers.', 'Community Center', '2025-07-20', 3),
    (9, 3, 'Parenting Workshop', 'A workshop for parents with tips on parenting and child development.', 'Community Center', '2025-09-20', 3),
    (10, 4, 'Dog Show', 'A fun dog show event where pets show off their skills and tricks.', 'Community Park', '2025-09-16', 4),
    (11, 4, 'Local Fashion Show', 'A fashion show featuring designs from local clothing designers.', 'Community Hall', '2025-11-22', 3),
    (12, 5, 'Scavenger Hunt for Kids', 'A fun and educational scavenger hunt for children in the community.', 'City Park', '2025-08-27', 2),
    (13, 5, 'Community Talent Night', 'A night for local talents to perform music, dance, or comedy.', 'Local Theater', '2025-11-15', 3),
    (14, 5, 'Cooking Demo for Kids', 'A cooking demonstration where kids learn to make simple meals.', 'Community Center', '2025-07-31', 2),
    (15, 5, 'History Talk', 'A lecture or discussion about the local areas history.', 'Local Museum', '2025-11-06', 2),
    (16, 5, 'Local Theater Production', 'A live theater performance showcasing a local play or musical.', 'Local Theater', '2025-12-03', 3),
    (17, 5, 'Pet Adoption Event', 'A day dedicated to helping adopt pets from local shelters.', 'Community Center', '2025-10-04', 4),
    (18, 6, 'Film Production Workshop', 'A hands-on workshop teaching the basics of film production.', 'Community Theater', '2025-07-12', 3),
    (19, 6, 'Community Bowling Night', 'A night of bowling and fun for the whole community.', 'Local Bowling Alley', '2025-08-30', 2),
    (20, 6, 'Local Music Festival', 'A music festival featuring local bands and artists.', 'Community Field', '2025-06-12', 5),
    (21, 7, 'Public Speaking Workshop', 'A workshop to improve public speaking skills for all ages.', 'Community Center', '2025-10-12', 2),
    (22, 8, 'Community Yoga', 'A group yoga session open to all skill levels.', 'Public Park', '2025-07-22', 1),
    (23, 8, 'Community Blood Pressure Screening', 'A free health screening for blood pressure at the local center.', 'Community Center', '2025-10-22', 4),
    (24, 8, 'Community Yoga', 'A group yoga session open to all skill levels.', 'Public Park', '2025-12-24', 1),
    (25, 8, 'Gardening Workshop', 'A hands-on workshop on how to start and maintain a garden.', 'Community Garden', '2025-09-14', 3),
    (26, 8, 'Local Food Tasting', 'A food tasting event featuring dishes from local restaurants and chefs.', 'City Square', '2025-10-07', 3),
    (27, 8, 'Cultural Festival', 'A festival celebrating the diverse cultures in the community.', 'City Square', '2025-09-07', 6),
    (28, 9, 'Outdoor Scavenger Hunt', 'A fun scavenger hunt where participants search for hidden items.', 'City Park', '2025-08-24', 3),
    (29, 9, 'Baking Class', 'A class on baking homemade bread and pastries.', 'Community Kitchen', '2025-09-17', 3),
    (30, 10, 'Nature Hike & Picnic', 'A guided hike followed by a relaxing picnic.', 'Nature Trails', '2025-04-27', 5),
    (31, 10, 'Sustainable Living Fair', 'A fair dedicated to sustainable living practices, with eco-friendly vendors.', 'City Park', '2025-09-07', 6),
    (32, 10, 'Book Swap', 'A community event where people exchange books with others.', 'Local Library', '2025-06-11', 2),
    (33, 10, 'Local Theater Production', 'A live theater performance showcasing a local play or musical.', 'Local Theater', '2025-11-12', 3),
    (34, 10, 'Community Bowling Night', 'A night of bowling and fun for the whole community.', 'Local Bowling Alley', '2025-06-05', 2),
    (35, 11, 'Local Food Tasting', 'A food tasting event featuring dishes from local restaurants and chefs.', 'City Square', '2025-08-26', 3),
    (36, 11, 'Fire Safety Training', 'A class on fire safety and emergency preparedness for families.', 'Community Center', '2025-04-04', 2),
    (37, 11, 'Vintage Car Show', 'A car show featuring vintage and classic cars from local collectors.', 'City Parking Lot', '2025-07-12', 5),
    (38, 11, 'DIY Flower Arranging Workshop', 'A workshop teaching the art of flower arranging using seasonal flowers.', 'Community Center', '2025-06-20', 3),
    (39, 11, 'Community Talent Showcase', 'A performance event to showcase local talent.', 'Local Theater', '2025-11-28', 3),
    (40, 12, 'Craft Beer Tasting', 'A beer tasting event featuring local breweries.', 'Brewery District', '2025-06-19', 3),
    (41, 13, 'Bird Watching Event', 'A guided event for bird watching in local parks and nature reserves.', 'Nature Trails', '2025-04-22', 3),
    (42, 13, 'Community Talent Night', 'A night for local talents to perform music, dance, or comedy.', 'Local Theater', '2025-06-18', 3),
    (43, 14, 'Holiday Parade', 'A festive parade celebrating the upcoming holiday season.', 'Main Street', '2025-06-23', 2),
    (44, 14, 'Puppet Show', 'A fun puppet show for children and families.', 'Community Center', '2025-10-20', 1),
    (45, 14, 'Dance Party', 'A fun dance party for the whole community to enjoy.', 'Community Hall', '2025-12-21', 4),
    (46, 14, 'Farmers Market', 'A market for local farmers to sell fresh produce and handmade goods.', 'City Square', '2025-04-13', 6),
    (47, 14, 'Nature Clean-Up Walk', 'A walk through the nature trails to clean up the environment.', 'Nature Reserve', '2025-12-17', 3),
    (48, 15, 'Chess Tournament', 'A chess competition for players of all levels.', 'Local Library', '2025-07-06', 4),
    (49, 15, 'Cooking Class', 'A hands-on cooking class focusing on healthy meals.', 'Community Kitchen', '2025-12-07', 2),
    (50, 15, 'Community Picnic', 'A fun outdoor gathering with food, games, and activities.', 'Local Park', '2025-06-21', 4),
    (51, 15, 'Writers Workshop', 'A writing workshop to help community members develop their skills.', 'Local Library', '2025-05-30', 3),
    (52, 16, 'Dog Show', 'A fun dog show event where pets show off their skills and tricks.', 'Community Park', '2025-08-12', 4),
    (53, 16, 'Painting Class', 'A beginners painting class for community members.', 'Community Art Center', '2025-12-10', 3),
    (54, 17, 'Community Cookbook Creation', 'A group event where everyone contributes their favorite recipes to create a community cookbook.', 'Community Center', '2025-07-11', 3),
    (55, 17, 'Local Artisan Showcase', 'A showcase of products created by local artisans and crafters.', 'Community Market', '2025-12-06', 5),
    (56, 17, 'Cultural Cooking Class', 'A cooking class where participants learn to make dishes from another culture.', 'Community Kitchen', '2025-11-18', 3),
    (57, 17, 'DIY Candle Making Workshop', 'A workshop where participants can learn to make their own candles.', 'Community Center', '2025-10-23', 3),
    (58, 18, 'Community Picnic & Games', 'A fun-filled day with picnicking and competitive games.', 'Community Park', '2025-06-02', 4),
    (59, 19, 'Movie Night Under the Stars', 'A free outdoor movie screening for the community.', 'Community Field', '2025-05-29', 3),
    (60, 19, 'Community Talent Night', 'A night for local talents to perform music, dance, or comedy.', 'Local Theater', '2025-08-25', 3),
    (61, 20, 'Bike Ride for Charity', 'A charity bike ride to raise funds for a cause.', 'City Streets', '2025-08-08', 4),
    (62, 20, 'History Talk', 'A lecture or discussion about the local areas history.', 'Local Museum', '2025-11-23', 2),
    (63, 21, 'Bird Watching Event', 'A guided event for bird watching in local parks and nature reserves.', 'Nature Trails', '2025-10-28', 3),
    (64, 21, 'Nature Clean-Up Walk', 'A walk through the nature trails to clean up the environment.', 'Nature Reserve', '2025-11-01', 3),
    (65, 21, 'Sculpture Workshop', 'A workshop for creating sculptures from various materials.', 'Art Studio', '2025-07-04', 3),
    (66, 21, 'Ice Cream Social', 'A fun event where community members can enjoy ice cream and socialize.', 'City Park', '2025-04-19', 2),
    (67, 21, 'Bird Watching Event', 'A guided event for bird watching in local parks and nature reserves.', 'Nature Trails', '2025-05-22', 3),
    (68, 22, 'Ice Skating Night', 'A community ice skating event with music and snacks.', 'Ice Rink', '2025-06-28', 3),
    (69, 22, 'Community Block Party', 'A block party for neighbors to come together and celebrate.', 'Neighborhood Streets', '2025-05-05', 4),
    (70, 22, 'Puzzle Tournament', 'A competition where participants work to complete puzzles the fastest.', 'Local Library', '2025-12-02', 3),
    (71, 22, 'Arts and Crafts Fair', 'A fair where local artists display and sell their creations.', 'City Park', '2025-10-21', 6),
    (72, 23, 'Community Art Installation', 'A collaborative public art project for the community.', 'Public Park', '2025-10-02', 6),
    (73, 23, 'Community Ice Cream Truck', 'An ice cream truck parked in the community, offering free treats to residents.', 'City Park', '2025-09-06', 3),
    (74, 23, 'Community Bowling Night', 'A night of bowling and fun for the whole community.', 'Local Bowling Alley', '2025-09-17', 2),
    (75, 23, 'Dance Flash Mob', 'A surprise, coordinated dance performance in a public area.', 'City Square', '2025-07-10', 1),
    (76, 24, 'Sustainable Living Fair', 'A fair dedicated to sustainable living practices, with eco-friendly vendors.', 'City Park', '2025-08-12', 6),
    (77, 24, 'Cooking Demo for Kids', 'A cooking demonstration where kids learn to make simple meals.', 'Community Center', '2025-12-24', 2),
    (78, 24, 'Food Truck Festival', 'A gathering of food trucks offering a variety of cuisines.', 'City Square', '2025-05-14', 5),
    (79, 24, 'Creative Writing Session', 'A group writing session where community members share and write creatively.', 'Local Library', '2025-12-27', 3),
    (80, 24, 'Soap Making Workshop', 'A workshop where participants learn how to make their own soap.', 'Community Center', '2025-09-15', 3),
    (81, 24, 'Pancake Breakfast for Charity', 'A community breakfast event where pancakes are served to raise money for a local charity.', 'Community Center', '2025-05-08', 2),
    (82, 25, 'Nature Photography Walk', 'A guided walk to photograph local wildlife and nature.', 'Nature Reserve', '2025-06-09', 3),
    (83, 25, 'Dog Show', 'A fun dog show event where pets show off their skills and tricks.', 'Community Park', '2025-09-08', 4),
    (84, 25, 'Zumba Class', 'A high-energy dance fitness class for the community.', 'Local Gym', '2025-11-01', 1),
    (85, 25, 'Book Swap', 'A community event where people exchange books with others.', 'Local Library', '2025-08-16', 2),
    (86, 26, 'Creative Writing Session', 'A group writing session where community members share and write creatively.', 'Local Library', '2025-05-28', 3),
    (87, 26, 'Local Food Tasting', 'A food tasting event featuring dishes from local restaurants and chefs.', 'City Square', '2025-10-20', 3),
    (88, 26, 'Pet Adoption Event', 'A day dedicated to helping adopt pets from local shelters.', 'Community Center', '2025-06-21', 4),
    (89, 26, 'Dance Party', 'A fun dance party for the whole community to enjoy.', 'Community Hall', '2025-08-09', 4),
    (90, 26, 'Community Talent Showcase', 'A performance event to showcase local talent.', 'Local Theater', '2025-10-27', 3),
    (91, 26, 'Community Cookbook Creation', 'A group event where everyone contributes their favorite recipes to create a community cookbook.', 'Community Center', '2025-12-31', 3),
    (92, 27, 'Volunteer Dog Walking', 'A community event to volunteer and walk dogs from the local shelter.', 'Animal Shelter', '2025-11-08', 3),
    (93, 27, 'Volunteer Appreciation Picnic', 'A picnic to appreciate the hard work of community volunteers.', 'Public Park', '2025-09-04', 4),
    (94, 27, 'Ice Skating Night', 'A community ice skating event with music and snacks.', 'Ice Rink', '2025-09-17', 3),
    (95, 27, 'Farm to Table Dinner', 'A dinner featuring locally grown and produced food.', 'Community Garden', '2025-12-29', 3),
    (96, 27, 'Sustainable Living Fair', 'A fair dedicated to sustainable living practices, with eco-friendly vendors.', 'City Park', '2025-05-22', 6),
    (97, 28, 'Charity Walkathon', 'Participants walk to raise money for a local cause.', 'Downtown', '2025-07-15', 5),
    (98, 28, 'Cooking Class', 'A hands-on cooking class focusing on healthy meals.', 'Community Kitchen', '2025-06-26', 2),
    (99, 28, 'Local Artisan Showcase', 'A showcase of products created by local artisans and crafters.', 'Community Market', '2025-05-02', 5),
    (100, 28, 'Bike Ride for Charity', 'A charity bike ride to raise funds for a cause.', 'City Streets', '2025-06-02', 4),
    (101, 28, 'Book Swap', 'A community event where people exchange books with others.', 'Local Library', '2025-08-20', 2),
    (102, 28, 'Public Speaking Workshop', 'A workshop to improve public speaking skills for all ages.', 'Community Center', '2025-12-06', 2),
    (103, 29, 'DIY Flower Arranging Workshop', 'A workshop teaching the art of flower arranging using seasonal flowers.', 'Community Center', '2025-05-06', 3),
    (104, 29, 'Community Fitness Challenge', 'A fitness challenge with various activities to keep the community active.', 'Local Park', '2025-09-16', 4),
    (105, 29, 'Cooking for a Cause', 'A cooking event where participants make meals for local shelters.', 'Community Kitchen', '2025-10-22', 4),
    (106, 30, 'Nature Photography Walk', 'A guided walk to photograph local wildlife and nature.', 'Nature Reserve', '2025-08-30', 3),
    (107, 30, 'Ice Cream Social', 'A fun event where community members can enjoy ice cream and socialize.', 'City Park', '2025-12-01', 2),
    (108, 30, 'Environmental Workshop', 'A workshop focused on sustainable living and eco-friendly practices.', 'Community Center', '2025-06-18', 3),
    (109, 30, 'Book Club Meetup', 'A gathering for community members to discuss a chosen book.', 'Local Library', '2025-04-04', 2),
    (110, 30, 'Community Gardening Day', 'A day dedicated to planting and caring for community gardens.', 'Community Garden', '2025-05-18', 4),
    (111, 30, 'Community Ice Cream Truck', 'An ice cream truck parked in the community, offering free treats to residents.', 'City Park', '2025-09-08', 3),
    (112, 31, 'Community Ice Cream Truck', 'An ice cream truck parked in the community, offering free treats to residents.', 'City Park', '2025-11-16', 3),
    (113, 32, 'Zumba Class', 'A high-energy dance fitness class for the community.', 'Local Gym', '2025-12-08', 1),
    (114, 32, 'Kids Art Show', 'An art show dedicated to artwork created by children in the community.', 'Local Library', '2025-05-01', 3),
    (115, 32, 'Open Mic Night', 'An open platform for local performers to showcase their talents.', 'Coffeehouse', '2025-07-09', 3),
    (116, 32, 'Pet Parade', 'A parade where community members showcase their pets.', 'Downtown', '2025-10-21', 2),
    (117, 33, 'Painting Class', 'A beginners painting class for community members.', 'Community Art Center', '2025-08-18', 3),
    (118, 33, 'Poetry Slam', 'An open event where local poets perform their works in front of an audience.', 'Community Center', '2025-10-14', 2),
    (119, 33, 'Volunteer Dog Walking', 'A community event to volunteer and walk dogs from the local shelter.', 'Animal Shelter', '2025-06-03', 3),
    (120, 33, 'Baking Class', 'A class on baking homemade bread and pastries.', 'Community Kitchen', '2025-08-29', 3),
    (121, 33, 'Holiday Parade', 'A festive parade celebrating the upcoming holiday season.', 'Main Street', '2025-04-05', 2),
    (122, 34, 'Book Club Meetup', 'A gathering for community members to discuss a chosen book.', 'Local Library', '2025-08-28', 2),
    (123, 34, 'Community Talent Showcase', 'A performance event to showcase local talent.', 'Local Theater', '2025-04-22', 3),
    (124, 34, 'Volunteer Day', 'A day for community members to volunteer at various local charities.', 'Various Locations', '2025-10-26', 5),
    (125, 34, 'Community Gardening Day', 'A day dedicated to planting and caring for community gardens.', 'Community Garden', '2025-12-11', 4),
    (126, 34, 'Community Cookbook Creation', 'A group event where everyone contributes their favorite recipes to create a community cookbook.', 'Community Center', '2025-08-23', 3),
    (127, 35, 'Film Production Workshop', 'A hands-on workshop teaching the basics of film production.', 'Community Theater', '2025-08-20', 3),
    (128, 35, 'Environmental Workshop', 'A workshop focused on sustainable living and eco-friendly practices.', 'Community Center', '2025-12-06', 3),
    (129, 35, 'Local Artisan Showcase', 'A showcase of products created by local artisans and crafters.', 'Community Market', '2025-05-15', 5),
    (130, 36, 'Nature Clean-Up Walk', 'A walk through the nature trails to clean up the environment.', 'Nature Reserve', '2025-07-04', 3),
    (131, 36, 'Local Craft Workshop', 'A workshop to teach participants the art of making local crafts.', 'Art Studio', '2025-06-28', 3),
    (132, 36, 'Soap Making Workshop', 'A workshop where participants learn how to make their own soap.', 'Community Center', '2025-11-22', 3),
    (133, 36, 'Local Artisan Showcase', 'A showcase of products created by local artisans and crafters.', 'Community Market', '2025-06-29', 5),
    (134, 36, 'Pet Adoption Event', 'A day dedicated to helping adopt pets from local shelters.', 'Community Center', '2025-07-15', 4),
    (135, 36, 'Community Cookbook Creation', 'A group event where everyone contributes their favorite recipes to create a community cookbook.', 'Community Center', '2025-07-26', 3),
    (136, 37, 'Ice Skating Night', 'A community ice skating event with music and snacks.', 'Ice Rink', '2025-04-23', 3),
    (137, 37, 'Food Truck Festival', 'A gathering of food trucks offering a variety of cuisines.', 'City Square', '2025-12-16', 5),
    (138, 37, 'Winter Festival', 'A festival featuring ice skating, hot chocolate, and holiday decorations.', 'City Park', '2025-07-31', 4),
    (139, 37, 'Bike Ride for Charity', 'A charity bike ride to raise funds for a cause.', 'City Streets', '2025-07-18', 4),
    (140, 37, 'Craft Beer Tasting', 'A beer tasting event featuring local breweries.', 'Brewery District', '2025-05-25', 3),
    (141, 38, 'Outdoor Scavenger Hunt', 'A fun scavenger hunt where participants search for hidden items.', 'City Park', '2025-10-08', 3),
    (142, 39, 'Nature Hike & Picnic', 'A guided hike followed by a relaxing picnic.', 'Nature Trails', '2025-08-13', 5),
    (143, 39, 'Baking Class', 'A class on baking homemade bread and pastries.', 'Community Kitchen', '2025-04-30', 3),
    (144, 40, 'Local History Tour', 'A guided tour of historical landmarks in the community.', 'Downtown', '2025-10-12', 4),
    (145, 40, 'Pancake Breakfast for Charity', 'A community breakfast event where pancakes are served to raise money for a local charity.', 'Community Center', '2025-09-10', 2),
    (146, 40, 'Cooking Demo for Kids', 'A cooking demonstration where kids learn to make simple meals.', 'Community Center', '2025-05-17', 2),
    (147, 40, 'Community Gardening Day', 'A day dedicated to planting and caring for community gardens.', 'Community Garden', '2025-04-06', 4),
    (148, 41, 'Community Potluck', 'A potluck gathering where each person brings a dish to share.', 'Community Center', '2025-06-26', 3),
    (149, 41, 'Local Food Tasting', 'A food tasting event featuring dishes from local restaurants and chefs.', 'City Square', '2025-06-15', 3),
    (150, 41, 'Painting Class', 'A beginners painting class for community members.', 'Community Art Center', '2025-06-24', 3),
    (151, 41, 'Herb Gardening Workshop', 'A hands-on workshop teaching the basics of herb gardening.', 'Community Garden', '2025-10-22', 3),
    (152, 41, 'Dance Flash Mob', 'A surprise, coordinated dance performance in a public area.', 'City Square', '2025-05-17', 1),
    (153, 42, 'Scavenger Hunt for Kids', 'A fun and educational scavenger hunt for children in the community.', 'City Park', '2025-07-05', 2),
    (154, 42, 'Soap Making Workshop', 'A workshop where participants learn how to make their own soap.', 'Community Center', '2025-11-01', 3),
    (155, 42, 'Local Business Expo', 'An event for local businesses to showcase their products and services.', 'Convention Center', '2025-05-13', 5),
    (156, 42, 'Local Food Tasting', 'A food tasting event featuring dishes from local restaurants and chefs.', 'City Square', '2025-11-16', 3),
    (157, 42, 'Bird Watching Event', 'A guided event for bird watching in local parks and nature reserves.', 'Nature Trails', '2025-10-13', 3),
    (158, 42, 'Cooking for a Cause', 'A cooking event where participants make meals for local shelters.', 'Community Kitchen', '2025-11-21', 4),
    (159, 43, 'Dance Party', 'A fun dance party for the whole community to enjoy.', 'Community Hall', '2025-06-16', 4),
    (160, 43, 'Holiday Parade', 'A festive parade celebrating the upcoming holiday season.', 'Main Street', '2025-08-04', 2),
    (161, 43, 'Beach Clean-Up', 'A volunteer event to clean up the local beach.', 'City Beach', '2025-06-24', 3),
    (162, 44, 'DIY Candle Making Workshop', 'A workshop where participants can learn to make their own candles.', 'Community Center', '2025-05-31', 3),
    (163, 44, 'Book Swap', 'A community event where people exchange books with others.', 'Local Library', '2025-11-30', 2),
    (164, 44, 'Painting Class', 'A beginners painting class for community members.', 'Community Art Center', '2025-09-02', 3),
    (165, 45, 'Fire Safety Training', 'A class on fire safety and emergency preparedness for families.', 'Community Center', '2025-04-12', 2),
    (166, 45, 'Community Potluck', 'A potluck gathering where each person brings a dish to share.', 'Community Center', '2025-07-07', 3),
    (167, 45, 'Handmade Jewelry Workshop', 'A workshop for making unique, handmade jewelry.', 'Art Studio', '2025-09-10', 3),
    (168, 45, 'Eco-Friendly Crafting Workshop', 'A workshop on creating crafts from recycled and eco-friendly materials.', 'Community Center', '2025-07-27', 3),
    (169, 45, 'Arts and Crafts Fair', 'A fair where local artists display and sell their creations.', 'City Park', '2025-11-02', 6),
    (170, 45, 'Soap Making Workshop', 'A workshop where participants learn how to make their own soap.', 'Community Center', '2025-05-20', 3),
    (171, 46, 'Farmers Market', 'A market for local farmers to sell fresh produce and handmade goods.', 'City Square', '2025-06-13', 6),
    (172, 46, 'Rock Climbing Trip', 'A group trip for outdoor rock climbing enthusiasts.', 'Rock Climbing Center', '2025-04-19', 5),
    (173, 46, 'Tech Meetup', 'A gathering for tech enthusiasts and professionals to network and learn.', 'Local Co-Working Space', '2025-10-21', 3),
    (174, 46, 'Pet Adoption Event', 'A day dedicated to helping adopt pets from local shelters.', 'Community Center', '2025-05-22', 4),
    (175, 47, 'DIY Flower Arranging Workshop', 'A workshop teaching the art of flower arranging using seasonal flowers.', 'Community Center', '2025-12-21', 3),
    (176, 47, 'Dog Show', 'A fun dog show event where pets show off their skills and tricks.', 'Community Park', '2025-12-27', 4),
    (177, 47, 'Farm Tour', 'A tour of local farms to learn about sustainable agriculture.', 'Local Farms', '2025-08-08', 4),
    (178, 47, 'Community Picnic & Games', 'A fun-filled day with picnicking and competitive games.', 'Community Park', '2025-11-09', 4),
    (179, 47, 'Pottery Class', 'A hands-on pottery class where participants create their own pieces.', 'Art Studio', '2025-10-10', 3),
    (180, 48, 'Arts and Crafts Fair', 'A fair where local artists display and sell their creations.', 'City Park', '2025-12-12', 6),
    (181, 48, 'Community Picnic & Games', 'A fun-filled day with picnicking and competitive games.', 'Community Park', '2025-09-03', 4),
    (182, 48, 'Local Wildlife Talk', 'An educational talk on local wildlife and conservation efforts.', 'Nature Center', '2025-08-01', 2),
    (183, 48, 'Winter Festival', 'A festival featuring ice skating, hot chocolate, and holiday decorations.', 'City Park', '2025-09-17', 4),
    (184, 48, 'Eco-Friendly Crafting Workshop', 'A workshop on creating crafts from recycled and eco-friendly materials.', 'Community Center', '2025-12-01', 3),
    (185, 49, 'Nature Photography Walk', 'A guided walk to photograph local wildlife and nature.', 'Nature Reserve', '2025-09-01', 3),
    (186, 49, 'Pet Parade', 'A parade where community members showcase their pets.', 'Downtown', '2025-10-10', 2),
    (187, 49, 'Stargazing Night', 'A night for observing stars and planets through telescopes.', 'Local Park', '2025-09-03', 3),
    (188, 49, 'Local Artisan Showcase', 'A showcase of products created by local artisans and crafters.', 'Community Market', '2025-11-28', 5),
    (189, 49, 'Herb Gardening Workshop', 'A hands-on workshop teaching the basics of herb gardening.', 'Community Garden', '2025-05-03', 3),
    (190, 49, 'Community Fun Run', 'A fun run event where participants run or walk for charity.', 'Downtown', '2025-12-27', 2),
    (191, 50, 'Parenting Workshop', 'A workshop for parents with tips on parenting and child development.', 'Community Center', '2025-12-08', 3),
    (192, 50, 'Creative Writing Session', 'A group writing session where community members share and write creatively.', 'Local Library', '2025-05-15', 3);

INSERT INTO public."announcement" (id, community_id, user_id, title, description, datetime, last_edited_user_id, edit_datetime) VALUES
    (1, 1, 273, 'Water Conservation Workshop', 'Learn about water conservation techniques and how to reduce your water usage at our free workshop.', '2025-03-14', null, null),
    (2, 1, 486, 'Senior Health Day', 'Free health screenings and information for seniors. Join us this Friday at the community center.', '2025-03-14', null, null),
    (3, 2, 496, 'Community Choir Auditions', 'Audition for the community choir! Were looking for singers of all levels to join us for the upcoming concert.', '2025-03-14', null, null),
    (4, 2, 172, 'Meditation Class', 'Relax and unwind in our free meditation class every Thursday evening at the community center.', '2025-03-14', null, null),
    (5, 2, 243, 'Local Business Fair', 'Support our local businesses by visiting the community fair this weekend. Great deals and giveaways!', '2025-03-14', null, null),
    (6, 2, 484, 'Easter Egg Hunt', 'Join us for an Easter egg hunt at the community park. There will be plenty of eggs and prizes for all ages.', '2025-03-14', null, null),
    (7, 2, 135, 'Holiday Toy Swap', 'Bring a toy, take a toy! Join our community toy swap and give the gift of play this holiday season.', '2025-03-14', null, null),
    (8, 2, 253, 'Community Garden Workshop', 'Learn how to grow your own vegetables in our community garden workshop this Thursday.', '2025-03-14', null, null),
    (9, 3, 123, 'Photography Walk', 'Bring your camera and join us for a photo walk around the neighborhood, capturing its beauty.', '2025-03-14', null, null),
    (10, 3, 262, 'Shoe Drive', 'Donate new or gently used shoes to help those in need in our community.', '2025-03-14', null, null),
    (11, 3, 340, 'Family Fun Day', 'Spend a day with the whole family at the park with games, food, and fun activities for all ages.', '2025-03-14', null, null),
    (12, 3, 158, 'Hiking Club', 'Join our hiking club for weekend hikes around local trails. New members welcome!', '2025-03-14', null, null),
    (13, 4, 172, 'Cultural Festival', 'Celebrate diversity at our cultural festival! Enjoy music, food, and performances from around the world.', '2025-03-14', null, null),
    (14, 4, 120, 'Free Resume Workshop', 'Update your resume with expert advice and guidance at our free resume workshop this weekend.', '2025-03-14', null, null),
    (15, 4, 75, 'Job Skills Workshop', 'Improve your resume and interview skills in our job skills workshop this weekend.', '2025-03-14', null, null),
    (16, 4, 282, 'Community Yard Sale', 'Looking to declutter? Join us for a community-wide yard sale. Get your spot today!', '2025-03-14', null, null),
    (17, 4, 251, 'Zumba Fitness Class', 'Get your body moving with Zumba classes every Tuesday at the community center.', '2025-03-14', null, null),
    (18, 4, 240, 'Volunteer at the Soup Kitchen', 'Volunteer your time and help feed those in need at the local soup kitchen. Sign up today.', '2025-03-14', null, null),
    (19, 5, 98, 'Sustainability Talk', 'Join us for a discussion on sustainability and how we can all contribute to a greener world.', '2025-03-14', null, null),
    (20, 5, 295, 'Holiday Lights Display', 'Enjoy a magical evening at our annual holiday lights display in the town square.', '2025-03-14', null, null),
    (21, 5, 36, 'Cooking with Local Ingredients', 'Learn how to cook delicious meals using local, seasonal ingredients at our cooking class.', '2025-03-14', null, null),
    (22, 5, 402, 'Free Pet Vaccination Clinic', 'Get your pets vaccinated for free at our upcoming vaccination clinic. Appointments required.', '2025-03-14', null, null),
    (23, 5, 47, 'Cultural Dance Class', 'Learn cultural dances from around the world in our new weekly dance class starting this Tuesday.', '2025-03-14', null, null),
    (24, 5, 139, 'Local Artists Exhibition', 'Come and support local artists at the art exhibition opening this Friday at the community hall.', '2025-03-14', null, null),
    (25, 6, 339, 'Book Club', 'Join our monthly book club meeting to discuss the latest read. New members welcome!', '2025-03-14', null, null),
    (26, 6, 427, 'Community Talent Search', 'We are looking for the next big star in our community! Sign up for the talent search today.', '2025-03-14', null, null),
    (27, 6, 155, 'Community Choir Auditions', 'Audition for the community choir! Were looking for singers of all levels to join us for the upcoming concert.', '2025-03-14', null, null),
    (28, 6, 194, 'Indoor Flea Market', 'Our indoor flea market is happening this Saturday. Come find unique treasures and support local vendors.', '2025-03-14', null, null),
    (29, 6, 145, 'Fitness Bootcamp', 'Get in shape this summer with our fitness bootcamp. Classes every Saturday morning at the park.', '2025-03-14', null, null),
    (30, 6, 465, 'Backyard Gardening Workshop', 'Learn how to start your own backyard garden with expert tips and tricks at our free workshop.', '2025-03-14', null, null),
    (31, 7, 58, 'Cultural Festival', 'Celebrate diversity at our cultural festival! Enjoy music, food, and performances from around the world.', '2025-03-14', null, null),
    (32, 7, 122, 'Youth Talent Show', 'Calling all young performers! Sign up for our youth talent show happening next month.', '2025-03-14', null, null),
    (33, 7, 484, 'Mental Health Awareness Workshop', 'Join us for a free workshop on mental health awareness, resources, and coping strategies.', '2025-03-14', null, null),
    (34, 7, 77, 'Community Bingo Fundraiser', 'Help raise funds for local projects by participating in our community bingo night!', '2025-03-14', null, null),
    (35, 8, 170, 'Family Fun Day', 'Spend a day with the whole family at the park with games, food, and fun activities for all ages.', '2025-03-14', null, null),
    (36, 8, 55, 'Sustainability Talk', 'Join us for a discussion on sustainability and how we can all contribute to a greener world.', '2025-03-14', null, null),
    (37, 8, 356, 'Charity Auction', 'Bid on amazing items at our charity auction. Proceeds will go to local charities.', '2025-03-14', null, null),
    (38, 8, 121, 'Community Tree Planting', 'Help us make our community greener by participating in our tree planting event this Saturday.', '2025-03-14', null, null),
    (39, 8, 35, 'Annual Garage Sale', 'Find great bargains at our annual community garage sale. Tables available for rent.', '2025-03-14', null, null),
    (40, 9, 408, 'Spring Festival', 'Celebrate the arrival of spring with food, games, and live entertainment at our annual festival.', '2025-03-14', null, null),
    (41, 9, 196, 'Food & Wine Tasting', 'Taste the best local food and wines at our community food and wine tasting event this weekend.', '2025-03-14', null, null),
    (42, 9, 215, 'Meditation Class', 'Relax and unwind in our free meditation class every Thursday evening at the community center.', '2025-03-14', null, null),
    (43, 10, 454, 'Green Energy Talk', 'Join us for a discussion on green energy solutions and how we can make our community more eco-friendly.', '2025-03-14', null, null),
    (44, 10, 51, 'Food & Wine Tasting', 'Taste the best local food and wines at our community food and wine tasting event this weekend.', '2025-03-14', null, null),
    (45, 10, 358, 'Halloween Haunted House', 'Get spooked at our communitys Halloween Haunted House! Open every weekend in October.', '2025-03-14', null, null),
    (46, 10, 51, 'Community Clean-Up Day', 'We need your help! Join us for a community-wide clean-up day and help us beautify our neighborhood.', '2025-03-14', null, null),
    (47, 10, 49, 'Hiking Club', 'Join our hiking club for weekend hikes around local trails. New members welcome!', '2025-03-14', null, null),
    (48, 11, 426, 'Meditation Class', 'Relax and unwind in our free meditation class every Thursday evening at the community center.', '2025-03-14', null, null),
    (49, 11, 218, 'Board Game Night', 'Come out and play your favorite board games with your neighbors. Snacks provided!', '2025-03-14', null, null),
    (50, 11, 84, 'Pet Adoption Event', 'Come meet your new furry friend at our pet adoption event this Saturday from 10 AM to 2 PM.', '2025-03-14', null, null),
    (51, 11, 367, 'Back-to-School Supplies Drive', 'Donate back-to-school supplies to help local students start the year prepared.', '2025-03-14', null, null),
    (52, 12, 329, 'Blood Pressure Screening', 'Free blood pressure screenings will be available at the community center this Saturday.', '2025-03-14', null, null),
    (53, 12, 50, 'Fruit and Veggie Giveaway', 'Get fresh produce from local farmers at our community fruit and veggie giveaway this Saturday.', '2025-03-14', null, null),
    (54, 12, 233, 'Earth Day Clean-Up', 'Celebrate Earth Day by helping us clean up our local park. Gloves and bags provided.', '2025-03-14', null, null),
    (55, 13, 248, 'Cultural Festival', 'Celebrate diversity at our cultural festival! Enjoy music, food, and performances from around the world.', '2025-03-14', null, null),
    (56, 14, 304, 'Job Fair', 'Looking for a job? Dont miss our community job fair on the 15th of this month.', '2025-03-14', null, null),
    (57, 14, 463, 'Halloween Pumpkin Patch', 'Visit our pumpkin patch this October for pumpkin picking, carving, and family-friendly activities.', '2025-03-14', null, null),
    (58, 14, 97, 'Pet Adoption Event', 'Come meet your new furry friend at our pet adoption event this Saturday from 10 AM to 2 PM.', '2025-03-14', null, null),
    (59, 14, 442, 'Beach Clean-Up', 'Join us for a beach clean-up event to help keep our shores beautiful. Gloves and bags provided.', '2025-03-14', null, null),
    (60, 14, 352, 'Free Self-Defense Class', 'Join us for a free self-defense class at the community center. Open to all ages and skill levels.', '2025-03-14', null, null),
    (61, 14, 483, 'Salsa Dancing Night', 'Join us for a fun salsa dancing night at the community center. No experience required!', '2025-03-14', null, null),
    (62, 15, 234, 'Outdoor Fitness Class', 'Join us for a free outdoor fitness class at the park every Saturday morning. All levels welcome.', '2025-03-14', null, null),
    (63, 15, 216, 'Community Dance Party', 'Dance the night away at our community dance party! Music, lights, and fun for all.', '2025-03-14', null, null),
    (64, 15, 469, 'Hiking Club', 'Join our hiking club for weekend hikes around local trails. New members welcome!', '2025-03-14', null, null),
    (65, 15, 75, 'Scavenger Hunt', 'Test your skills in our neighborhood-wide scavenger hunt. Prizes for the first team to finish!', '2025-03-14', null, null),
    (66, 15, 267, 'Community Cleanup', 'Help us keep our neighborhood clean! Join our community cleanup event this Sunday.', '2025-03-14', null, null),
    (67, 16, 176, 'Salsa Dancing Night', 'Join us for a fun salsa dancing night at the community center. No experience required!', '2025-03-14', null, null),
    (68, 16, 465, 'Book Swap', 'Bring a book, take a book! Join us for our community book swap at the library this weekend.', '2025-03-14', null, null),
    (69, 16, 163, 'Summer Reading Program', 'Join our summer reading program! Kids and adults can sign up for books and prizes.', '2025-03-14', null, null),
    (70, 17, 472, 'Food Truck Rally', 'Come enjoy food from local food trucks at our first-ever food truck rally this Friday evening.', '2025-03-14', null, null),
    (71, 17, 384, 'Summer Sports League Registration', 'Sign up for the summer sports league! Registration is open for basketball, soccer, and volleyball.', '2025-03-14', null, null),
    (72, 17, 202, 'Community Potluck Dinner', 'Bring a dish to share at our monthly community potluck dinner. All are welcome!', '2025-03-14', null, null),
    (73, 17, 464, 'Blood Donation Drive', 'Save lives by donating blood at our community blood drive this weekend.', '2025-03-14', null, null),
    (74, 17, 50, 'Community Potluck Dinner', 'Bring a dish to share at our monthly community potluck dinner. All are welcome!', '2025-03-14', null, null),
    (75, 18, 232, 'Winter Wonderland Festival', 'Join us for a magical winter festival featuring ice skating, holiday lights, and hot cocoa.', '2025-03-14', null, null),
    (76, 18, 96, 'Water Conservation Workshop', 'Learn about water conservation techniques and how to reduce your water usage at our free workshop.', '2025-03-14', null, null),
    (77, 18, 392, 'Free Cooking Class', 'Join us for a free cooking class at the community center every Wednesday evening.', '2025-03-14', null, null),
    (78, 19, 145, 'Charity Auction', 'Bid on amazing items at our charity auction. Proceeds will go to local charities.', '2025-03-14', null, null),
    (79, 19, 115, 'Free Movie Screening', 'Enjoy a free screening of a classic movie at the community center this Friday evening.', '2025-03-14', null, null),
    (80, 20, 133, 'Pop-Up Farmers Market', 'Visit our pop-up farmers market this weekend to support local farmers and artisans.', '2025-03-14', null, null),
    (81, 20, 144, 'Halloween Haunted House', 'Get spooked at our communitys Halloween Haunted House! Open every weekend in October.', '2025-03-14', null, null),
    (82, 20, 294, 'Charity Auction', 'Bid on amazing items at our charity auction. Proceeds will go to local charities.', '2025-03-14', null, null),
    (83, 20, 283, 'Movie Night', 'Join us for a movie night under the stars at the park this Friday at 8 PM. Bring your blankets and snacks!', '2025-03-14', null, null),
    (84, 20, 429, 'Community Tree Planting', 'Help us make our community greener by participating in our tree planting event this Saturday.', '2025-03-14', null, null),
    (85, 20, 499, 'Water Conservation Workshop', 'Learn about water conservation techniques and how to reduce your water usage at our free workshop.', '2025-03-14', null, null),
    (86, 21, 432, 'Winter Wonderland Festival', 'Join us for a magical winter festival featuring ice skating, holiday lights, and hot cocoa.', '2025-03-14', null, null),
    (87, 21, 20, 'Ice Cream Truck Visit', 'Come enjoy a treat from the ice cream truck, which will be visiting the community park every Friday afternoon.', '2025-03-14', null, null),
    (88, 21, 70, 'Free Self-Defense Class', 'Join us for a free self-defense class at the community center. Open to all ages and skill levels.', '2025-03-14', null, null),
    (89, 22, 451, 'Christmas Parade', 'Get into the holiday spirit by joining our Christmas parade on December 5th.', '2025-03-14', null, null),
    (90, 22, 108, 'Community Talent Search', 'We are looking for the next big star in our community! Sign up for the talent search today.', '2025-03-14', null, null),
    (91, 23, 212, 'Community Potluck Dinner', 'Bring a dish to share at our monthly community potluck dinner. All are welcome!', '2025-03-14', null, null),
    (92, 23, 340, 'Job Fair', 'Looking for a job? Dont miss our community job fair on the 15th of this month.', '2025-03-14', null, null),
    (93, 24, 382, 'Job Skills Workshop', 'Improve your resume and interview skills in our job skills workshop this weekend.', '2025-03-14', null, null),
    (94, 24, 435, 'Local Food Truck Nights', 'Come enjoy dinner from a variety of food trucks every Friday evening at the community park.', '2025-03-14', null, null),
    (95, 24, 246, 'Local Artists Exhibition', 'Come and support local artists at the art exhibition opening this Friday at the community hall.', '2025-03-14', null, null),
    (96, 25, 2, 'Ice Cream Social', 'Cool off with some delicious ice cream at our community ice cream social this Saturday afternoon.', '2025-03-14', null, null),
    (97, 25, 154, 'Fireworks Show', 'Enjoy a spectacular fireworks display at the park this 4th of July! Show starts at 9 PM.', '2025-03-14', null, null),
    (98, 25, 279, 'Food & Wine Tasting', 'Taste the best local food and wines at our community food and wine tasting event this weekend.', '2025-03-14', null, null),
    (99, 25, 331, 'Farmers Market Opening', 'The local farmers market opens this Saturday! Come support local vendors and enjoy fresh produce.', '2025-03-14', null, null),
    (100, 26, 351, 'Mental Health Awareness Workshop', 'Join us for a free workshop on mental health awareness, resources, and coping strategies.', '2025-03-14', null, null),
    (101, 26, 470, 'Community Flea Market', 'Find great bargains at the community flea market this Saturday. Come early for the best deals.', '2025-03-14', null, null),
    (102, 27, 157, 'Zumba Fitness Class', 'Get your body moving with Zumba classes every Tuesday at the community center.', '2025-03-14', null, null),
    (103, 27, 483, 'Salsa Dancing Night', 'Join us for a fun salsa dancing night at the community center. No experience required!', '2025-03-14', null, null),
    (104, 27, 30, 'Summer Art Camp for Kids', 'Sign your kids up for our summer art camp, where they can learn new skills and express their creativity.', '2025-03-14', null, null),
    (105, 27, 82, 'Earth Day Clean-Up', 'Celebrate Earth Day by helping us clean up our local park. Gloves and bags provided.', '2025-03-14', null, null),
    (106, 27, 426, 'Community Fair & Rodeo', 'Get ready for a day of fun at the community fair with a rodeo, carnival games, and live entertainment.', '2025-03-14', null, null),
    (107, 28, 332, 'Community Talent Showcase', 'Show off your talents! Whether you sing, dance, or perform, we want to see what youve got.', '2025-03-14', null, null),
    (108, 28, 327, 'Green Energy Talk', 'Join us for a discussion on green energy solutions and how we can make our community more eco-friendly.', '2025-03-14', null, null),
    (109, 29, 350, 'Local History Tour', 'Take a step back in time and explore the local history with a guided tour of the neighborhood.', '2025-03-14', null, null),
    (110, 29, 234, 'Mental Health Awareness Workshop', 'Join us for a free workshop on mental health awareness, resources, and coping strategies.', '2025-03-14', null, null),
    (111, 29, 152, 'Halloween Pumpkin Patch', 'Visit our pumpkin patch this October for pumpkin picking, carving, and family-friendly activities.', '2025-03-14', null, null),
    (112, 30, 186, 'Free Movie Screening', 'Enjoy a free screening of a classic movie at the community center this Friday evening.', '2025-03-14', null, null),
    (113, 30, 433, 'Free Wi-Fi at the Library', 'Our community library is offering free Wi-Fi! Stop by and make use of this new service.', '2025-03-14', null, null),
    (114, 30, 343, 'Seniors Dance Night', 'Seniors, come dance the night away with us! Music, light snacks, and good company await.', '2025-03-14', null, null),
    (115, 31, 466, 'New Park Opening', 'Our new community park is opening this weekend! Come see the new facilities and join the ribbon-cutting ceremony.', '2025-03-14', null, null),
    (116, 31, 27, 'Free Tax Assistance', 'Get free tax preparation assistance at the community center this Saturday. Walk-ins welcome.', '2025-03-14', null, null),
    (117, 31, 131, 'Beach Clean-Up', 'Join us for a beach clean-up event to help keep our shores beautiful. Gloves and bags provided.', '2025-03-14', null, null),
    (118, 32, 211, 'Watercolor Painting Class', 'Learn the art of watercolor painting in this free, hands-on class at the community center.', '2025-03-14', null, null),
    (119, 32, 338, 'Pet Costume Contest', 'Dress up your pets and enter our pet costume contest. Prizes for the best costumes!', '2025-03-14', null, null),
    (120, 32, 30, 'New Library Hours', 'Our community library has extended its hours! Check out the new schedule for more time to borrow books.', '2025-03-14', null, null),
    (121, 33, 109, 'Art Classes for Kids', 'Sign up for art classes for kids this summer. A fun and creative way for children to express themselves.', '2025-03-14', null, null),
    (122, 33, 324, 'Local Artists Exhibition', 'Come and support local artists at the art exhibition opening this Friday at the community hall.', '2025-03-14', null, null),
    (123, 33, 78, 'Neighborhood Watch Program', 'We are starting a neighborhood watch program to ensure safety in our community. Contact us to sign up.', '2025-03-14', null, null),
    (124, 34, 35, 'Outdoor Fitness Class', 'Join us for a free outdoor fitness class at the park every Saturday morning. All levels welcome.', '2025-03-14', null, null),
    (125, 34, 461, 'Spring Festival', 'Celebrate the arrival of spring with food, games, and live entertainment at our annual festival.', '2025-03-14', null, null),
    (126, 34, 44, 'Senior Health Day', 'Free health screenings and information for seniors. Join us this Friday at the community center.', '2025-03-14', null, null),
    (127, 35, 199, 'Green Energy Talk', 'Join us for a discussion on green energy solutions and how we can make our community more eco-friendly.', '2025-03-14', null, null),
    (128, 35, 395, 'Youth Talent Show', 'Calling all young performers! Sign up for our youth talent show happening next month.', '2025-03-14', null, null),
    (129, 35, 363, 'Art Walk', 'Explore local art at our monthly Art Walk. Visit local galleries and meet the artists behind the work.', '2025-03-14', null, null),
    (130, 35, 101, 'Community Fair & Rodeo', 'Get ready for a day of fun at the community fair with a rodeo, carnival games, and live entertainment.', '2025-03-14', null, null),
    (131, 36, 184, 'Social Media Workshop', 'Learn how to enhance your social media presence in our workshop this Thursday evening.', '2025-03-14', null, null),
    (132, 36, 210, 'Volunteer Appreciation Event', 'We are hosting a special event to thank all our volunteers for their hard work and dedication.', '2025-03-14', null, null),
    (133, 36, 10, 'Food & Wine Tasting', 'Taste the best local food and wines at our community food and wine tasting event this weekend.', '2025-03-14', null, null),
    (134, 37, 9, 'Free Community Yoga', 'Relax and stretch with free yoga sessions in the park every Sunday morning.', '2025-03-14', null, null),
    (135, 37, 364, 'Cultural Festival', 'Celebrate diversity at our cultural festival! Enjoy music, food, and performances from around the world.', '2025-03-14', null, null),
    (136, 37, 199, 'Tech Workshop for Seniors', 'Learn how to use smartphones, tablets, and computers in our free tech workshop for seniors.', '2025-03-14', null, null),
    (137, 37, 83, 'Neighborhood Watch Program', 'We are starting a neighborhood watch program to ensure safety in our community. Contact us to sign up.', '2025-03-14', null, null),
    (138, 38, 129, 'Earth Day Clean-Up', 'Celebrate Earth Day by helping us clean up our local park. Gloves and bags provided.', '2025-03-14', null, null),
    (139, 38, 272, 'Indoor Flea Market', 'Our indoor flea market is happening this Saturday. Come find unique treasures and support local vendors.', '2025-03-14', null, null),
    (140, 38, 83, 'Neighborhood Walking Club', 'Get moving with the new walking club! Meet at the park every Monday at 8 AM for a morning walk.', '2025-03-14', null, null),
    (141, 38, 199, 'Community Fair & Rodeo', 'Get ready for a day of fun at the community fair with a rodeo, carnival games, and live entertainment.', '2025-03-14', null, null),
    (142, 38, 477, 'Halloween Pumpkin Patch', 'Visit our pumpkin patch this October for pumpkin picking, carving, and family-friendly activities.', '2025-03-14', null, null),
    (143, 39, 126, 'Free Wi-Fi at the Library', 'Our community library is offering free Wi-Fi! Stop by and make use of this new service.', '2025-03-14', null, null),
    (144, 39, 43, 'Litter Pick-Up Challenge', 'Join us for a community-wide litter pick-up challenge. Lets clean up our neighborhood!', '2025-03-14', null, null),
    (145, 39, 439, 'Family Fun Day', 'Spend a day with the whole family at the park with games, food, and fun activities for all ages.', '2025-03-14', null, null),
    (146, 39, 53, 'Ice Skating Social', 'Join us for a social evening of ice skating, hot chocolate, and fun with neighbors.', '2025-03-14', null, null),
    (147, 40, 479, 'Winter Coat Drive', 'Donate gently used winter coats to help those in need during the colder months.', '2025-03-14', null, null),
    (148, 40, 490, 'Community Clean-Up Day', 'We need your help! Join us for a community-wide clean-up day and help us beautify our neighborhood.', '2025-03-14', null, null),
    (149, 40, 342, 'New Park Opening', 'Our new community park is opening this weekend! Come see the new facilities and join the ribbon-cutting ceremony.', '2025-03-14', null, null),
    (150, 40, 123, 'Summer Art Camp for Kids', 'Sign your kids up for our summer art camp, where they can learn new skills and express their creativity.', '2025-03-14', null, null),
    (151, 40, 165, 'Holiday Lights Display', 'Enjoy a magical evening at our annual holiday lights display in the town square.', '2025-03-14', null, null),
    (152, 40, 166, 'Fireworks Show', 'Enjoy a spectacular fireworks display at the park this 4th of July! Show starts at 9 PM.', '2025-03-14', null, null),
    (153, 41, 101, 'Outdoor Fitness Class', 'Join us for a free outdoor fitness class at the park every Saturday morning. All levels welcome.', '2025-03-14', null, null),
    (154, 41, 69, 'Local Food Truck Nights', 'Come enjoy dinner from a variety of food trucks every Friday evening at the community park.', '2025-03-14', null, null),
    (155, 41, 364, 'Earth Day Clean-Up', 'Celebrate Earth Day by helping us clean up our local park. Gloves and bags provided.', '2025-03-14', null, null),
    (156, 41, 409, 'Halloween Pumpkin Patch', 'Visit our pumpkin patch this October for pumpkin picking, carving, and family-friendly activities.', '2025-03-14', null, null),
    (157, 42, 271, 'Community Garden Workshop', 'Learn how to grow your own vegetables in our community garden workshop this Thursday.', '2025-03-14', null, null),
    (158, 42, 477, 'Mobile Library Visit', 'The mobile library will be visiting our neighborhood this Wednesday. Stop by to borrow books and resources.', '2025-03-14', null, null),
    (159, 42, 492, 'Job Skills Workshop', 'Improve your resume and interview skills in our job skills workshop this weekend.', '2025-03-14', null, null),
    (160, 42, 27, 'Family Fun Day', 'Spend a day with the whole family at the park with games, food, and fun activities for all ages.', '2025-03-14', null, null),
    (161, 42, 183, 'Mental Health Awareness Workshop', 'Join us for a free workshop on mental health awareness, resources, and coping strategies.', '2025-03-14', null, null),
    (162, 42, 321, 'Fireworks Show', 'Enjoy a spectacular fireworks display at the park this 4th of July! Show starts at 9 PM.', '2025-03-14', null, null),
    (163, 43, 26, 'New Library Hours', 'Our community library has extended its hours! Check out the new schedule for more time to borrow books.', '2025-03-14', null, null),
    (164, 43, 475, 'Seniors Dance Night', 'Seniors, come dance the night away with us! Music, light snacks, and good company await.', '2025-03-14', null, null),
    (165, 43, 344, 'Food Bank Drive', 'Help stock the local food bank by donating non-perishable food items. Drop-off locations around town.', '2025-03-14', null, null),
    (166, 43, 344, 'Free Cooking Class', 'Join us for a free cooking class at the community center every Wednesday evening.', '2025-03-14', null, null),
    (167, 44, 34, 'Green Energy Talk', 'Join us for a discussion on green energy solutions and how we can make our community more eco-friendly.', '2025-03-14', null, null),
    (168, 44, 365, 'Free Self-Defense Class', 'Join us for a free self-defense class at the community center. Open to all ages and skill levels.', '2025-03-14', null, null),
    (169, 44, 181, 'Local Artists Exhibition', 'Come and support local artists at the art exhibition opening this Friday at the community hall.', '2025-03-14', null, null),
    (170, 45, 313, 'Community Crochet Circle', 'Join us for a cozy crochet circle every Tuesday afternoon. All skill levels are welcome.', '2025-03-14', null, null),
    (171, 46, 439, 'Thanksgiving Potluck', 'Celebrate Thanksgiving with a potluck dinner. Bring a dish and enjoy great company!', '2025-03-14', null, null),
    (172, 46, 16, 'Outdoor Fitness Class', 'Join us for a free outdoor fitness class at the park every Saturday morning. All levels welcome.', '2025-03-14', null, null),
    (173, 46, 279, 'Board Game Night', 'Come out and play your favorite board games with your neighbors. Snacks provided!', '2025-03-14', null, null),
    (174, 46, 471, 'Board Game Night', 'Come out and play your favorite board games with your neighbors. Snacks provided!', '2025-03-14', null, null),
    (175, 47, 63, 'Karaoke Night', 'Warm up your vocal cords and join us for a community karaoke night. Bring your favorite songs!', '2025-03-14', null, null),
    (176, 48, 50, 'Community Dance Party', 'Dance the night away at our community dance party! Music, lights, and fun for all.', '2025-03-14', null, null),
    (177, 48, 216, 'Community Bingo Fundraiser', 'Help raise funds for local projects by participating in our community bingo night!', '2025-03-14', null, null),
    (178, 48, 35, 'Volunteer Appreciation Event', 'We are hosting a special event to thank all our volunteers for their hard work and dedication.', '2025-03-14', null, null),
    (179, 48, 292, 'Christmas Parade', 'Get into the holiday spirit by joining our Christmas parade on December 5th.', '2025-03-14', null, null),
    (180, 49, 174, 'Free Gardening Seminar', 'Join our gardening experts for a free seminar on how to start your own vegetable garden.', '2025-03-14', null, null),
    (181, 49, 86, 'Book Club', 'Join our monthly book club meeting to discuss the latest read. New members welcome!', '2025-03-14', null, null),
    (182, 49, 373, 'Board Game Night', 'Come out and play your favorite board games with your neighbors. Snacks provided!', '2025-03-14', null, null),
    (183, 49, 100, 'Fireworks Show', 'Enjoy a spectacular fireworks display at the park this 4th of July! Show starts at 9 PM.', '2025-03-14', null, null),
    (184, 50, 114, 'Elder Care Fair', 'Find resources and support at our Elder Care Fair for seniors and their families.', '2025-03-14', null, null);

INSERT INTO public."event_tag" (id, event_id, tag_id) VALUES
    (1, 1, 69),
    (2, 1, 157),
    (3, 1, 139),
    (4, 1, 58),
    (5, 3, 89),
    (6, 3, 138),
    (7, 3, 87),
    (8, 3, 92),
    (9, 4, 19),
    (10, 4, 42),
    (11, 4, 145),
    (12, 4, 30),
    (13, 5, 190),
    (14, 5, 14),
    (15, 6, 154),
    (16, 7, 24),
    (17, 7, 154),
    (18, 7, 36),
    (19, 7, 49),
    (20, 8, 10),
    (21, 8, 81),
    (22, 8, 155),
    (23, 8, 68),
    (24, 8, 5),
    (25, 9, 80),
    (26, 9, 40),
    (27, 9, 152),
    (28, 11, 131),
    (29, 11, 16),
    (30, 11, 87),
    (31, 11, 68),
    (32, 11, 139),
    (33, 12, 5),
    (34, 12, 136),
    (35, 12, 96),
    (36, 12, 9),
    (37, 12, 154),
    (38, 13, 55),
    (39, 13, 133),
    (40, 14, 152),
    (41, 14, 187),
    (42, 14, 12),
    (43, 14, 152),
    (44, 14, 131),
    (45, 16, 75),
    (46, 18, 194),
    (47, 18, 40),
    (48, 19, 172),
    (49, 19, 82),
    (50, 19, 160),
    (51, 20, 152),
    (52, 20, 2),
    (53, 20, 35),
    (54, 20, 159),
    (55, 20, 79),
    (56, 21, 156),
    (57, 21, 73),
    (58, 21, 22),
    (59, 22, 11),
    (60, 22, 56),
    (61, 22, 194),
    (62, 22, 58),
    (63, 22, 3),
    (64, 23, 107),
    (65, 23, 19),
    (66, 23, 80),
    (67, 23, 25),
    (68, 24, 114),
    (69, 25, 189),
    (70, 25, 96),
    (71, 25, 119),
    (72, 25, 52),
    (73, 26, 171),
    (74, 27, 64),
    (75, 27, 94),
    (76, 28, 158),
    (77, 29, 29),
    (78, 29, 183),
    (79, 30, 63),
    (80, 30, 185),
    (81, 30, 38),
    (82, 30, 162),
    (83, 32, 59),
    (84, 32, 126),
    (85, 33, 142),
    (86, 33, 155),
    (87, 33, 5),
    (88, 33, 148),
    (89, 33, 111),
    (90, 34, 136),
    (91, 34, 186),
    (92, 34, 176),
    (93, 35, 132),
    (94, 35, 148),
    (95, 35, 152),
    (96, 35, 93),
    (97, 36, 183),
    (98, 36, 105),
    (99, 37, 117),
    (100, 37, 110),
    (101, 37, 187),
    (102, 37, 136),
    (103, 38, 182),
    (104, 38, 132),
    (105, 39, 18),
    (106, 39, 90),
    (107, 39, 139),
    (108, 40, 193),
    (109, 40, 100),
    (110, 41, 22),
    (111, 41, 107),
    (112, 42, 45),
    (113, 42, 186),
    (114, 43, 23),
    (115, 43, 2),
    (116, 43, 119),
    (117, 44, 111),
    (118, 44, 165),
    (119, 44, 88),
    (120, 44, 10),
    (121, 44, 35),
    (122, 46, 140),
    (123, 47, 46),
    (124, 47, 110),
    (125, 47, 156),
    (126, 47, 181),
    (127, 48, 103),
    (128, 48, 27),
    (129, 48, 119),
    (130, 48, 71),
    (131, 50, 69),
    (132, 51, 69),
    (133, 53, 199),
    (134, 53, 114),
    (135, 53, 121),
    (136, 54, 166),
    (137, 54, 63),
    (138, 54, 16),
    (139, 54, 15),
    (140, 54, 21),
    (141, 55, 12),
    (142, 55, 14),
    (143, 55, 126),
    (144, 56, 159),
    (145, 58, 164),
    (146, 58, 18),
    (147, 59, 103),
    (148, 59, 7),
    (149, 59, 109),
    (150, 59, 145),
    (151, 59, 88),
    (152, 60, 8),
    (153, 60, 142),
    (154, 61, 14),
    (155, 61, 72),
    (156, 62, 3),
    (157, 62, 16),
    (158, 62, 81),
    (159, 62, 178),
    (160, 63, 58),
    (161, 63, 17),
    (162, 63, 19),
    (163, 63, 11),
    (164, 64, 27),
    (165, 67, 89),
    (166, 68, 184),
    (167, 68, 25),
    (168, 68, 112),
    (169, 68, 35),
    (170, 68, 111),
    (171, 69, 139),
    (172, 69, 78),
    (173, 69, 104),
    (174, 70, 17),
    (175, 70, 71),
    (176, 70, 45),
    (177, 70, 38),
    (178, 72, 188),
    (179, 72, 39),
    (180, 72, 53),
    (181, 73, 160),
    (182, 73, 34),
    (183, 73, 197),
    (184, 73, 51),
    (185, 74, 18),
    (186, 74, 55),
    (187, 74, 119),
    (188, 75, 134),
    (189, 76, 189),
    (190, 76, 12),
    (191, 76, 145),
    (192, 76, 22),
    (193, 77, 181),
    (194, 77, 37),
    (195, 79, 11),
    (196, 79, 4),
    (197, 79, 189),
    (198, 80, 30),
    (199, 80, 65),
    (200, 84, 25),
    (201, 85, 158),
    (202, 85, 177),
    (203, 85, 152),
    (204, 85, 47),
    (205, 86, 143),
    (206, 86, 21),
    (207, 86, 2),
    (208, 86, 79),
    (209, 86, 53),
    (210, 87, 82),
    (211, 87, 36),
    (212, 88, 152),
    (213, 89, 171),
    (214, 89, 43),
    (215, 90, 161),
    (216, 95, 16),
    (217, 95, 96),
    (218, 95, 25),
    (219, 96, 136),
    (220, 96, 183),
    (221, 96, 197),
    (222, 96, 102),
    (223, 97, 138),
    (224, 97, 197),
    (225, 97, 133),
    (226, 97, 188),
    (227, 99, 19),
    (228, 99, 77),
    (229, 99, 2),
    (230, 100, 91),
    (231, 100, 71),
    (232, 100, 26),
    (233, 100, 13),
    (234, 101, 111),
    (235, 101, 80),
    (236, 101, 128),
    (237, 101, 59),
    (238, 102, 104),
    (239, 103, 130),
    (240, 103, 140),
    (241, 103, 33),
    (242, 104, 14),
    (243, 104, 74),
    (244, 104, 104),
    (245, 105, 181),
    (246, 106, 37),
    (247, 106, 168),
    (248, 106, 100),
    (249, 107, 58),
    (250, 107, 54),
    (251, 107, 39),
    (252, 107, 152),
    (253, 107, 143),
    (254, 108, 25),
    (255, 108, 149),
    (256, 108, 132),
    (257, 108, 163),
    (258, 108, 49),
    (259, 109, 9),
    (260, 109, 96),
    (261, 109, 1),
    (262, 109, 8),
    (263, 112, 49),
    (264, 112, 174),
    (265, 112, 13),
    (266, 112, 68),
    (267, 114, 13),
    (268, 114, 13),
    (269, 114, 74),
    (270, 115, 191),
    (271, 115, 8),
    (272, 116, 15),
    (273, 116, 72),
    (274, 116, 186),
    (275, 116, 155),
    (276, 118, 63),
    (277, 118, 17),
    (278, 118, 151),
    (279, 119, 163),
    (280, 119, 154),
    (281, 120, 163),
    (282, 120, 20),
    (283, 120, 158),
    (284, 121, 99),
    (285, 121, 46),
    (286, 121, 173),
    (287, 122, 170),
    (288, 122, 23),
    (289, 123, 50),
    (290, 123, 191),
    (291, 123, 36),
    (292, 123, 28),
    (293, 123, 29),
    (294, 124, 3),
    (295, 124, 32),
    (296, 125, 126),
    (297, 125, 138),
    (298, 125, 121),
    (299, 125, 176),
    (300, 127, 89),
    (301, 127, 196),
    (302, 127, 152),
    (303, 129, 35),
    (304, 129, 12),
    (305, 129, 136),
    (306, 130, 97),
    (307, 130, 39),
    (308, 130, 76),
    (309, 130, 19),
    (310, 130, 41),
    (311, 131, 161),
    (312, 132, 40),
    (313, 132, 148),
    (314, 132, 1),
    (315, 132, 175),
    (316, 132, 64),
    (317, 133, 171),
    (318, 133, 143),
    (319, 133, 87),
    (320, 133, 57),
    (321, 134, 128),
    (322, 134, 93),
    (323, 135, 137),
    (324, 135, 17),
    (325, 135, 141),
    (326, 136, 127),
    (327, 136, 139),
    (328, 137, 4),
    (329, 138, 173),
    (330, 139, 48),
    (331, 140, 139),
    (332, 140, 58),
    (333, 140, 177),
    (334, 141, 59),
    (335, 141, 68),
    (336, 141, 64),
    (337, 142, 46),
    (338, 142, 2),
    (339, 142, 68),
    (340, 143, 132),
    (341, 145, 119),
    (342, 145, 152),
    (343, 145, 75),
    (344, 146, 111),
    (345, 146, 58),
    (346, 148, 148),
    (347, 151, 146),
    (348, 151, 161),
    (349, 151, 47),
    (350, 155, 25),
    (351, 155, 143),
    (352, 155, 115),
    (353, 155, 87),
    (354, 155, 119),
    (355, 157, 164),
    (356, 157, 94),
    (357, 157, 188),
    (358, 158, 47),
    (359, 158, 163),
    (360, 158, 86),
    (361, 159, 153),
    (362, 159, 90),
    (363, 159, 32),
    (364, 159, 108),
    (365, 161, 44),
    (366, 161, 87),
    (367, 161, 39),
    (368, 161, 10),
    (369, 161, 180),
    (370, 163, 198),
    (371, 163, 107),
    (372, 163, 22),
    (373, 163, 140),
    (374, 163, 70),
    (375, 164, 33),
    (376, 165, 94),
    (377, 165, 163),
    (378, 165, 111),
    (379, 165, 114),
    (380, 166, 182),
    (381, 166, 182),
    (382, 166, 121),
    (383, 166, 118),
    (384, 167, 139),
    (385, 167, 71),
    (386, 167, 21),
    (387, 169, 155),
    (388, 170, 172),
    (389, 170, 190),
    (390, 170, 68),
    (391, 170, 75),
    (392, 171, 22),
    (393, 172, 182),
    (394, 172, 17),
    (395, 172, 185),
    (396, 172, 44),
    (397, 172, 194),
    (398, 174, 60),
    (399, 174, 59),
    (400, 174, 79),
    (401, 175, 28),
    (402, 175, 96),
    (403, 175, 143),
    (404, 175, 103),
    (405, 176, 76),
    (406, 178, 141),
    (407, 178, 158),
    (408, 178, 1),
    (409, 178, 139),
    (410, 178, 21),
    (411, 179, 100),
    (412, 179, 116),
    (413, 180, 107),
    (414, 180, 145),
    (415, 180, 62),
    (416, 181, 80),
    (417, 181, 143),
    (418, 182, 163),
    (419, 182, 185),
    (420, 182, 3),
    (421, 182, 100),
    (422, 183, 163),
    (423, 183, 186),
    (424, 183, 88),
    (425, 184, 54),
    (426, 185, 198),
    (427, 186, 71),
    (428, 186, 104),
    (429, 186, 179),
    (430, 186, 35),
    (431, 187, 113),
    (432, 188, 49),
    (433, 190, 182),
    (434, 190, 18),
    (435, 190, 31),
    (436, 191, 65),
    (437, 192, 150),
    (438, 192, 52),
    (439, 192, 26),
    (440, 192, 168),
    (441, 192, 185);

INSERT INTO public."announcement_tag" (id, announcement_id, tag_id) VALUES
    (1, 1, 180),
    (2, 1, 138),
    (3, 2, 5),
    (4, 2, 111),
    (5, 2, 57),
    (6, 3, 143),
    (7, 3, 76),
    (8, 4, 95),
    (9, 4, 48),
    (10, 4, 72),
    (11, 5, 58),
    (12, 5, 140),
    (13, 5, 27),
    (14, 5, 176),
    (15, 6, 24),
    (16, 6, 51),
    (17, 7, 26),
    (18, 7, 114),
    (19, 8, 59),
    (20, 8, 122),
    (21, 9, 27),
    (22, 9, 133),
    (23, 9, 17),
    (24, 9, 44),
    (25, 9, 126),
    (26, 10, 43),
    (27, 10, 65),
    (28, 10, 143),
    (29, 11, 42),
    (30, 11, 109),
    (31, 11, 77),
    (32, 11, 132),
    (33, 11, 90),
    (34, 12, 91),
    (35, 12, 188),
    (36, 12, 113),
    (37, 12, 84),
    (38, 12, 198),
    (39, 13, 118),
    (40, 13, 50),
    (41, 14, 162),
    (42, 14, 177),
    (43, 15, 109),
    (44, 15, 1),
    (45, 15, 196),
    (46, 15, 1),
    (47, 15, 96),
    (48, 16, 135),
    (49, 16, 69),
    (50, 17, 147),
    (51, 18, 106),
    (52, 18, 128),
    (53, 18, 120),
    (54, 18, 132),
    (55, 19, 31),
    (56, 19, 183),
    (57, 19, 163),
    (58, 19, 187),
    (59, 19, 19),
    (60, 20, 1),
    (61, 20, 127),
    (62, 20, 193),
    (63, 20, 199),
    (64, 20, 113),
    (65, 21, 56),
    (66, 21, 41),
    (67, 22, 21),
    (68, 24, 106),
    (69, 25, 131),
    (70, 26, 49),
    (71, 26, 101),
    (72, 26, 152),
    (73, 26, 154),
    (74, 26, 77),
    (75, 27, 12),
    (76, 27, 153),
    (77, 27, 97),
    (78, 27, 139),
    (79, 28, 6),
    (80, 28, 54),
    (81, 28, 81),
    (82, 28, 164),
    (83, 29, 181),
    (84, 29, 69),
    (85, 30, 63),
    (86, 30, 14),
    (87, 30, 141),
    (88, 30, 197),
    (89, 30, 169),
    (90, 33, 63),
    (91, 33, 193),
    (92, 33, 40),
    (93, 34, 134),
    (94, 34, 139),
    (95, 34, 154),
    (96, 34, 34),
    (97, 34, 140),
    (98, 35, 118),
    (99, 35, 180),
    (100, 35, 195),
    (101, 35, 82),
    (102, 36, 120),
    (103, 36, 199),
    (104, 36, 152),
    (105, 37, 111),
    (106, 38, 134),
    (107, 38, 191),
    (108, 39, 127),
    (109, 39, 20),
    (110, 40, 104),
    (111, 41, 14),
    (112, 42, 37),
    (113, 43, 178),
    (114, 43, 80),
    (115, 44, 188),
    (116, 45, 106),
    (117, 46, 100),
    (118, 47, 187),
    (119, 48, 49),
    (120, 48, 79),
    (121, 48, 10),
    (122, 49, 6),
    (123, 49, 104),
    (124, 51, 123),
    (125, 52, 42),
    (126, 52, 12),
    (127, 52, 73),
    (128, 54, 195),
    (129, 54, 150),
    (130, 55, 37),
    (131, 55, 79),
    (132, 55, 89),
    (133, 55, 102),
    (134, 56, 48),
    (135, 56, 146),
    (136, 57, 179),
    (137, 58, 25),
    (138, 58, 77),
    (139, 58, 124),
    (140, 59, 150),
    (141, 60, 198),
    (142, 60, 140),
    (143, 60, 80),
    (144, 61, 8),
    (145, 61, 102),
    (146, 61, 92),
    (147, 61, 4),
    (148, 61, 37),
    (149, 62, 130),
    (150, 62, 65),
    (151, 62, 38),
    (152, 63, 138),
    (153, 63, 95),
    (154, 63, 26),
    (155, 63, 194),
    (156, 63, 184),
    (157, 64, 93),
    (158, 64, 182),
    (159, 64, 101),
    (160, 64, 51),
    (161, 65, 99),
    (162, 65, 40),
    (163, 66, 32),
    (164, 66, 171),
    (165, 67, 113),
    (166, 67, 174),
    (167, 67, 143),
    (168, 67, 6),
    (169, 68, 175),
    (170, 68, 63),
    (171, 68, 167),
    (172, 68, 2),
    (173, 68, 130),
    (174, 69, 23),
    (175, 69, 124),
    (176, 69, 110),
    (177, 69, 165),
    (178, 70, 191),
    (179, 70, 66),
    (180, 70, 62),
    (181, 71, 99),
    (182, 71, 124),
    (183, 72, 25),
    (184, 72, 83),
    (185, 73, 138),
    (186, 73, 46),
    (187, 73, 87),
    (188, 74, 149),
    (189, 75, 173),
    (190, 75, 145),
    (191, 75, 160),
    (192, 75, 55),
    (193, 76, 63),
    (194, 76, 68),
    (195, 76, 139),
    (196, 76, 35),
    (197, 76, 195),
    (198, 77, 166),
    (199, 78, 17),
    (200, 78, 154),
    (201, 79, 126),
    (202, 79, 142),
    (203, 80, 15),
    (204, 80, 161),
    (205, 80, 91),
    (206, 80, 146),
    (207, 81, 63),
    (208, 81, 57),
    (209, 81, 147),
    (210, 81, 124),
    (211, 81, 52),
    (212, 82, 72),
    (213, 82, 174),
    (214, 82, 52),
    (215, 83, 13),
    (216, 83, 31),
    (217, 83, 77),
    (218, 83, 174),
    (219, 83, 50),
    (220, 84, 8),
    (221, 84, 168),
    (222, 84, 171),
    (223, 84, 32),
    (224, 85, 184),
    (225, 85, 185),
    (226, 85, 146),
    (227, 86, 20),
    (228, 86, 82),
    (229, 86, 97),
    (230, 86, 182),
    (231, 86, 59),
    (232, 87, 178),
    (233, 87, 165),
    (234, 87, 83),
    (235, 87, 58),
    (236, 87, 92),
    (237, 88, 50),
    (238, 88, 63),
    (239, 89, 84),
    (240, 89, 107),
    (241, 89, 130),
    (242, 89, 22),
    (243, 89, 193),
    (244, 91, 18),
    (245, 92, 87),
    (246, 93, 43),
    (247, 93, 150),
    (248, 93, 169),
    (249, 93, 149),
    (250, 94, 192),
    (251, 94, 27),
    (252, 94, 182),
    (253, 95, 158),
    (254, 95, 113),
    (255, 95, 2),
    (256, 96, 181),
    (257, 96, 196),
    (258, 96, 183),
    (259, 96, 83),
    (260, 98, 9),
    (261, 98, 193),
    (262, 98, 85),
    (263, 98, 44),
    (264, 98, 13),
    (265, 99, 96),
    (266, 99, 74),
    (267, 99, 176),
    (268, 99, 36),
    (269, 100, 25),
    (270, 100, 136),
    (271, 100, 12),
    (272, 101, 47),
    (273, 101, 60),
    (274, 101, 143),
    (275, 102, 111),
    (276, 102, 22),
    (277, 102, 40),
    (278, 102, 41),
    (279, 105, 159),
    (280, 105, 80),
    (281, 105, 190),
    (282, 106, 156),
    (283, 107, 23),
    (284, 107, 71),
    (285, 107, 105),
    (286, 107, 92),
    (287, 108, 63),
    (288, 108, 145),
    (289, 108, 151),
    (290, 108, 115),
    (291, 109, 146),
    (292, 109, 34),
    (293, 109, 15),
    (294, 110, 117),
    (295, 111, 76),
    (296, 111, 170),
    (297, 111, 46),
    (298, 111, 158),
    (299, 111, 101),
    (300, 113, 77),
    (301, 113, 72),
    (302, 113, 148),
    (303, 114, 178),
    (304, 114, 47),
    (305, 114, 86),
    (306, 114, 100),
    (307, 114, 10),
    (308, 116, 177),
    (309, 116, 57),
    (310, 116, 193),
    (311, 116, 92),
    (312, 117, 178),
    (313, 117, 43),
    (314, 117, 126),
    (315, 117, 75),
    (316, 117, 128),
    (317, 119, 112),
    (318, 119, 141),
    (319, 119, 103),
    (320, 119, 96),
    (321, 119, 146),
    (322, 120, 48),
    (323, 120, 33),
    (324, 121, 132),
    (325, 121, 16),
    (326, 122, 146),
    (327, 122, 133),
    (328, 122, 69),
    (329, 122, 166),
    (330, 122, 175),
    (331, 123, 90),
    (332, 124, 190),
    (333, 124, 181),
    (334, 124, 124),
    (335, 124, 31),
    (336, 125, 188),
    (337, 125, 115),
    (338, 125, 191),
    (339, 125, 155),
    (340, 126, 72),
    (341, 126, 193),
    (342, 126, 135),
    (343, 127, 96),
    (344, 127, 166),
    (345, 127, 194),
    (346, 127, 32),
    (347, 127, 120),
    (348, 129, 108),
    (349, 129, 123),
    (350, 129, 90),
    (351, 129, 157),
    (352, 130, 107),
    (353, 130, 94),
    (354, 131, 70),
    (355, 131, 195),
    (356, 131, 76),
    (357, 131, 42),
    (358, 131, 70),
    (359, 133, 54),
    (360, 134, 92),
    (361, 134, 158),
    (362, 134, 108),
    (363, 134, 87),
    (364, 136, 44),
    (365, 136, 88),
    (366, 136, 84),
    (367, 138, 141),
    (368, 138, 41),
    (369, 138, 67),
    (370, 139, 89),
    (371, 139, 72),
    (372, 139, 147),
    (373, 139, 149),
    (374, 139, 15),
    (375, 140, 130),
    (376, 140, 143),
    (377, 140, 52),
    (378, 140, 84),
    (379, 142, 17),
    (380, 143, 186),
    (381, 144, 145),
    (382, 144, 96),
    (383, 144, 195),
    (384, 144, 84),
    (385, 144, 93),
    (386, 145, 10),
    (387, 146, 16),
    (388, 146, 102),
    (389, 147, 149),
    (390, 147, 113),
    (391, 147, 184),
    (392, 148, 18),
    (393, 148, 88),
    (394, 148, 148),
    (395, 148, 2),
    (396, 148, 130),
    (397, 149, 129),
    (398, 149, 13),
    (399, 150, 8),
    (400, 150, 172),
    (401, 150, 99),
    (402, 150, 79),
    (403, 151, 80),
    (404, 152, 119),
    (405, 152, 85),
    (406, 152, 28),
    (407, 153, 42),
    (408, 153, 74),
    (409, 155, 31),
    (410, 155, 8),
    (411, 155, 195),
    (412, 155, 98),
    (413, 155, 145),
    (414, 156, 147),
    (415, 156, 139),
    (416, 156, 78),
    (417, 156, 181),
    (418, 156, 73),
    (419, 157, 32),
    (420, 157, 192),
    (421, 158, 20),
    (422, 158, 146),
    (423, 158, 180),
    (424, 158, 57),
    (425, 159, 18),
    (426, 160, 139),
    (427, 161, 41),
    (428, 161, 121),
    (429, 161, 184),
    (430, 161, 55),
    (431, 161, 155),
    (432, 162, 190),
    (433, 162, 27),
    (434, 162, 127),
    (435, 166, 182),
    (436, 167, 35),
    (437, 168, 110),
    (438, 168, 43),
    (439, 168, 196),
    (440, 168, 189),
    (441, 170, 62),
    (442, 171, 145),
    (443, 171, 155),
    (444, 172, 21),
    (445, 172, 114),
    (446, 173, 26),
    (447, 174, 146),
    (448, 174, 87),
    (449, 175, 128),
    (450, 177, 83),
    (451, 177, 14),
    (452, 180, 164),
    (453, 181, 87),
    (454, 182, 182),
    (455, 182, 11),
    (456, 182, 130),
    (457, 183, 10),
    (458, 183, 138),
    (459, 183, 154),
    (460, 183, 140),
    (461, 183, 185),
    (462, 184, 25),
    (463, 184, 91),
    (464, 184, 182),
    (465, 184, 122);

SELECT setval(pg_get_serial_sequence('community', 'id'), COALESCE((SELECT MAX(id) FROM community), 1), FALSE);
SELECT setval(pg_get_serial_sequence('community_users', 'id'), COALESCE((SELECT MAX(id) FROM community_users), 1), FALSE);
SELECT setval(pg_get_serial_sequence('announcement', 'id'), COALESCE((SELECT MAX(id) FROM announcement), 1), FALSE);
SELECT setval(pg_get_serial_sequence('community_degree', 'id'), COALESCE((SELECT MAX(id) FROM community_degree), 1), FALSE);
SELECT setval(pg_get_serial_sequence('community_tag', 'id'), COALESCE((SELECT MAX(id) FROM community_tag), 1), FALSE);
SELECT setval(pg_get_serial_sequence('event_tag', 'id'), COALESCE((SELECT MAX(id) FROM event_tag), 1), FALSE);
SELECT setval(pg_get_serial_sequence('announcement_tag', 'id'), COALESCE((SELECT MAX(id) FROM announcement_tag), 1), FALSE);
SELECT setval(pg_get_serial_sequence('event', 'id'), COALESCE((SELECT MAX(id) FROM event), 1), FALSE);